regime,reference,metric,effect,low,high
time150,count1024,time,9410.0,6410.0,12300.0
time150,count1024,auc,0.22430712890625,0.19443599853515625,0.2557566833496093
time150,count1024,reached,0.7,0.5,0.9
time150,count1024,late,0.20811523437499999,0.17919873046875004,0.23772485351562497
time750,count1024,time,15930.0,13470.0,18190.0
time750,count1024,auc,0.170173583984375,0.1599843322753906,0.18009931030273435
time750,count1024,reached,0.8,0.6,0.95
time750,count1024,late,0.14513671875000003,0.13330078125000006,0.15685546874999998
continuous,count1024,time,10280.0,7290.0,13150.0
continuous,count1024,auc,0.13342626953125,0.11977945556640625,0.14721219482421877
continuous,count1024,reached,0.7,0.5,0.9
continuous,count1024,late,0.11685546875,0.10276318359374999,0.131357421875
