regime,metric,effect,low,high
continuous,time,870.0,780.0,950.0
continuous,auc,0.035257080078124996,0.03255661621093749,0.03791338500976561
continuous,reached,0.0,0.0,0.0
continuous,late,0.00016601562499999334,-5.859375000000777e-05,0.0003808593749999867
count1024,time,-9410.0,-12300.0,-6410.0
count1024,auc,-0.09816918945312501,-0.11253994140624997,-0.08388889160156252
count1024,reached,-0.7,-0.9,-0.5
count1024,late,-0.11668945312500001,-0.131172119140625,-0.10259765625000002
time150,time,0.0,0.0,0.0
time150,auc,0.126137939453125,0.09905452880859375,0.15509400024414058
time150,reached,0.0,0.0,0.0
time150,late,0.09142578124999998,0.063281005859375,0.12093749999999999
time750,time,6520.0,4400.0,8990.0
time750,auc,0.07200439453124999,0.061664001464843736,0.08292214355468745
time750,reached,0.1,0.0,0.25
time750,late,0.028447265625000013,0.02013623046875,0.03810546875
