seed,mode,regime,cap,stop,prefix,seconds,time,reached,auc,late,extinct,births,updates,sum_norm,sum_sq,cutoff,last_write,cutoff_sample_before_t,cutoff_sample_before_occ,cutoff_sample_after_t,cutoff_sample_after_occ
102000,7,continuous,-1,-1,0000,2.4991423749597743,1000,True,0.98169921875,0.9990234375,False,47212,47212,3584.1139644414307,406.20744614244427,-1,20000,,,,
102000,8,continuous,-1,-1,0001,2.5750560420565307,2000,True,0.9457958984375,0.9998046875,False,48669,48669,7562.731643075911,1300.040578702139,-1,20000,,,,
102000,7,count1024,1024,-1,0002,4.743677709018812,20000,False,0.7981640625,0.841796875,False,109977,1024,89.93139316695728,9.526481094977497,120,120,0.0,0.2451171875,200.0,0.4169921875
102000,8,count1024,1024,-1,0003,3.7353260000236332,20000,False,0.88240234375,0.9458984375,False,83125,1024,125.6360461353862,18.435259661358835,719,719,600.0,0.166015625,800.0,0.201171875
102000,7,time150,-1,150,0004,4.71187254099641,20000,False,0.8035595703125,0.8544921875,False,109795,1144,95.71979263637435,10.110685505422612,150,150,0.0,0.2451171875,200.0,0.43359375
102000,8,time150,-1,150,0005,4.305815041065216,20000,False,0.7086962890625,0.77890625,False,96370,447,58.87936422600691,8.173068399192132,150,150,0.0,0.2451171875,200.0,0.1982421875
102000,7,time750,-1,750,0006,2.656868541962467,1000,True,0.9790234375,0.99765625,False,51596,3970,255.70570942037546,29.673002389772048,750,750,600.0,0.7666015625,800.0,0.9208984375
102000,8,time750,-1,750,0007,3.7688905420945957,6800,True,0.89765625,0.950390625,False,85657,1058,129.03847996027872,18.93694080293645,750,750,600.0,0.166015625,800.0,0.203125
102001,7,continuous,-1,-1,0008,2.485357458004728,1000,True,0.9831982421875,0.99921875,False,46923,46923,3619.9545368131776,412.9094445855259,-1,20000,,,,
102001,8,continuous,-1,-1,0009,2.5543855000287294,1800,True,0.9527392578125,0.999609375,False,47967,47967,7565.264561208624,1305.5036712711515,-1,19999,,,,
102001,7,count1024,1024,-1,0010,4.572263708105311,20000,False,0.787724609375,0.835546875,False,105612,1024,95.24297879011209,10.530017313645294,129,129,0.0,0.265625,200.0,0.4501953125
102001,8,count1024,1024,-1,0011,3.481734708067961,20000,False,0.889169921875,0.9517578125,False,75448,1024,127.40590254789133,18.752291684815315,637,637,600.0,0.212890625,800.0,0.255859375
102001,7,time150,-1,150,0012,4.273414666997269,20000,False,0.894404296875,0.9244140625,False,100117,1092,99.31303776792292,10.99513864095694,150,150,0.0,0.265625,200.0,0.4755859375
102001,8,time150,-1,150,0013,4.401774708996527,20000,False,0.7749169921875,0.825,False,101091,494,64.60837404834757,9.039659119229967,150,150,0.0,0.265625,200.0,0.23828125
102001,7,time750,-1,750,0014,2.645717000006698,1000,True,0.980703125,0.9966796875,False,52282,3993,275.4180388519873,32.641591684716055,750,750,600.0,0.8330078125,800.0,0.94921875
102001,8,time750,-1,750,0015,3.30655450001359,7600,True,0.9067919921875,0.95703125,False,70115,1205,144.70672995581012,21.325783346300003,750,750,600.0,0.212890625,800.0,0.3095703125
102002,7,continuous,-1,-1,0016,2.4891053329920396,1000,True,0.981787109375,0.9994140625,False,47048,47048,3594.09232568861,408.704957730064,-1,20000,,,,
102002,8,continuous,-1,-1,0017,2.5222491660388187,2000,True,0.9383837890625,0.9990234375,False,47963,47963,7509.986966935519,1294.0641164121485,-1,20000,,,,
102002,7,count1024,1024,-1,0018,4.623147833044641,20000,False,0.78634765625,0.8505859375,False,107988,1024,86.51237483729163,9.153883474441741,127,127,0.0,0.2548828125,200.0,0.3837890625
102002,8,count1024,1024,-1,0019,3.7902750419452786,20000,False,0.86046875,0.9326171875,False,84775,1024,132.6885221897099,19.909783936441503,809,809,800.0,0.1611328125,1000.0,0.2880859375
102002,7,time150,-1,150,0020,4.623465209035203,20000,False,0.7972509765625,0.86015625,False,107832,1095,91.74495934359969,9.757544282747526,150,150,0.0,0.2548828125,200.0,0.3857421875
102002,8,time150,-1,150,0021,3.8787528339307755,20000,False,0.594775390625,0.6623046875,False,84399,427,57.51845377738771,8.223819678505276,150,148,0.0,0.2548828125,200.0,0.21484375
102002,7,time750,-1,750,0022,2.56087133300025,1000,True,0.9794677734375,0.9994140625,False,49980,3956,254.39731957659464,29.73813157111307,750,750,600.0,0.7646484375,800.0,0.9248046875
102002,8,time750,-1,750,0023,3.860587332979776,20000,False,0.865224609375,0.937109375,False,87812,966,125.89340983804406,18.870085503934064,750,748,600.0,0.1640625,800.0,0.1630859375
102003,7,continuous,-1,-1,0024,2.475859749945812,1000,True,0.9826611328125,0.9990234375,False,46912,46912,3603.2007086777235,410.33924937214147,-1,20000,,,,
102003,8,continuous,-1,-1,0025,2.5114502919605,2200,True,0.9371142578125,0.9984375,False,47496,47496,7584.064571866489,1314.7069625975255,-1,20000,,,,
102003,7,count1024,1024,-1,0026,4.646507457946427,20000,False,0.8087744140625,0.848828125,False,109336,1024,91.35099907713104,10.065827582893236,148,148,0.0,0.2607421875,200.0,0.388671875
102003,8,count1024,1024,-1,0027,3.200603084056638,13400,True,0.8866455078125,0.9873046875,False,67223,1024,137.6112554762743,20.859169658836954,764,764,600.0,0.1728515625,800.0,0.17578125
102003,7,time150,-1,150,0028,4.647578082978725,20000,False,0.816142578125,0.84765625,False,109477,1035,92.00526627870929,10.133045674982244,150,150,0.0,0.2607421875,200.0,0.388671875
102003,8,time150,-1,150,0029,4.138861374929547,20000,False,0.654326171875,0.7052734375,False,91952,441,59.92835186772696,8.520898490995094,150,149,0.0,0.2607421875,200.0,0.193359375
102003,7,time750,-1,750,0030,2.596923250006512,1000,True,0.9804150390625,0.99921875,False,50999,3951,265.6413668258417,31.208651374606102,750,750,600.0,0.8046875,800.0,0.9208984375
102003,8,time750,-1,750,0031,3.135456124902703,12200,True,0.8821728515625,0.9833984375,False,65007,1007,135.88285226759535,20.59683776399653,750,750,600.0,0.1728515625,800.0,0.1884765625
102004,7,continuous,-1,-1,0032,2.473345624981448,1000,True,0.9822900390625,0.998828125,False,46562,46562,3563.170023959075,405.5571319575016,-1,20000,,,,
102004,8,continuous,-1,-1,0033,2.5479379579192027,1600,True,0.9518115234375,0.99921875,False,48493,48493,7671.779249333097,1325.106983044989,-1,20000,,,,
102004,7,count1024,1024,-1,0034,4.500407624989748,20000,False,0.8204248046875,0.877734375,False,104312,1024,88.80418052441647,9.59365054839588,143,143,0.0,0.2431640625,200.0,0.4248046875
102004,8,count1024,1024,-1,0035,3.1153203329304233,2400,True,0.935830078125,0.9916015625,False,67691,1024,129.8707428717074,19.495369158807325,757,757,600.0,0.193359375,800.0,0.271484375
102004,7,time150,-1,150,0036,4.456666750018485,20000,False,0.834736328125,0.8826171875,False,103425,1050,89.88991076329563,9.686421592150248,150,150,0.0,0.2431640625,200.0,0.4169921875
102004,8,time150,-1,150,0037,3.6884705419652164,20000,False,0.5692578125,0.6427734375,False,78634,396,52.23786327409742,7.270368175942045,150,148,0.0,0.2431640625,200.0,0.1845703125
102004,7,time750,-1,750,0038,2.5923387920483947,1000,True,0.979375,0.9978515625,False,50981,3898,255.7663753838857,30.06639099795797,750,750,600.0,0.8037109375,800.0,0.9365234375
102004,8,time750,-1,750,0039,2.9654964169021696,3000,True,0.9356689453125,0.9919921875,False,62852,1014,128.83775144041138,19.34002650269929,750,750,600.0,0.193359375,800.0,0.26171875
102005,7,continuous,-1,-1,0040,2.4735135830705985,1000,True,0.982109375,0.9994140625,False,46966,46966,3614.728372924061,413.7269798682964,-1,20000,,,,
102005,8,continuous,-1,-1,0041,2.536424083984457,1800,True,0.9502099609375,0.9986328125,False,47652,47652,7329.924430487076,1255.5673410115137,-1,20000,,,,
102005,7,count1024,1024,-1,0042,4.738608625018969,20000,False,0.8175537109375,0.8537109375,False,109416,1024,91.26673237692897,9.97073098902086,151,151,0.0,0.287109375,200.0,0.40234375
102005,8,count1024,1024,-1,0043,3.857593125081621,20000,False,0.8936181640625,0.946875,False,87107,1024,132.96223177774448,19.900971133175133,639,639,600.0,0.2021484375,800.0,0.25
102005,7,time150,-1,150,0044,4.712626624968834,20000,False,0.8175537109375,0.8537109375,False,109416,1023,91.18220607791025,9.963586293795057,150,150,0.0,0.287109375,200.0,0.40234375
102005,8,time150,-1,150,0045,4.214980583055876,20000,False,0.661181640625,0.723046875,False,92076,470,62.66026652530106,8.821880343654025,150,150,0.0,0.287109375,200.0,0.2294921875
102005,7,time750,-1,750,0046,2.7625117499846965,1000,True,0.979453125,0.99765625,False,51095,3868,257.7340116439311,30.500394976099177,750,750,600.0,0.7802734375,800.0,0.94140625
102005,8,time750,-1,750,0047,3.8282311250222847,7200,True,0.9042333984375,0.9763671875,False,82702,1204,149.94513663385627,22.404316445580317,750,750,600.0,0.2021484375,800.0,0.2529296875
102006,7,continuous,-1,-1,0048,2.666717332904227,1000,True,0.981103515625,0.9994140625,False,46451,46451,3558.5538046787656,405.450656670636,-1,20000,,,,
102006,8,continuous,-1,-1,0049,2.7582159999292344,2200,True,0.9401513671875,0.9994140625,False,47868,47868,7448.296611736385,1278.4802958337252,-1,20000,,,,
102006,7,count1024,1024,-1,0050,4.6776405409909785,20000,False,0.794794921875,0.8306640625,False,104957,1024,86.27193679309083,9.28486802523494,152,152,0.0,0.2333984375,200.0,0.361328125
102006,8,count1024,1024,-1,0051,3.27068366704043,13200,True,0.8946630859375,0.9525390625,False,66844,1024,130.24160484733937,19.284873749997274,759,759,600.0,0.15625,800.0,0.251953125
102006,7,time150,-1,150,0052,4.618229541927576,20000,False,0.785986328125,0.815234375,False,105191,1020,86.0045776899643,9.262056749812317,150,150,0.0,0.2333984375,200.0,0.3603515625
102006,8,time150,-1,150,0053,3.8289288339437917,20000,False,0.5890576171875,0.6642578125,False,81593,448,59.83461127714317,8.400817359286906,150,150,0.0,0.2333984375,200.0,0.2099609375
102006,7,time750,-1,750,0054,2.61754749994725,1000,True,0.9780322265625,0.99765625,False,51236,3774,243.48740492863595,28.355093353636054,750,750,600.0,0.7724609375,800.0,0.92578125
102006,8,time750,-1,750,0055,3.257648375001736,6400,True,0.9006005859375,0.9619140625,False,68434,1011,129.12377711482324,19.128846823307224,750,749,600.0,0.15625,800.0,0.2548828125
102007,7,continuous,-1,-1,0056,2.485717791947536,1000,True,0.9815185546875,0.9994140625,False,46583,46583,3583.0273894312995,410.36901095444415,-1,19999,,,,
102007,8,continuous,-1,-1,0057,2.552277500042692,2000,True,0.9426708984375,0.99921875,False,48295,48295,7614.279982426903,1314.5615147683886,-1,20000,,,,
102007,7,count1024,1024,-1,0058,4.504061667015776,20000,False,0.7567724609375,0.8259765625,False,101040,1024,88.52647814203286,9.379890534791732,128,128,0.0,0.2626953125,200.0,0.412109375
102007,8,count1024,1024,-1,0059,3.051589833921753,5200,True,0.9103125,0.98671875,False,63683,1024,134.07152067544376,20.286019328873923,773,773,600.0,0.15625,800.0,0.2001953125
102007,7,time150,-1,150,0060,4.752916208002716,20000,False,0.80361328125,0.8228515625,False,110590,1099,93.22059076091887,9.88917948319695,150,150,0.0,0.2626953125,200.0,0.4443359375
102007,8,time150,-1,150,0061,4.170757541898638,20000,False,0.71900390625,0.81875,False,93925,442,60.35252709128769,8.650808961209286,150,150,0.0,0.2626953125,200.0,0.2109375
102007,7,time750,-1,750,0062,2.6503486250294372,1000,True,0.9791162109375,0.9990234375,False,51337,3911,253.58038418825433,29.51293380722885,750,750,600.0,0.7646484375,800.0,0.90234375
102007,8,time750,-1,750,0063,2.9775871250312775,3800,True,0.922587890625,0.9841796875,False,61644,981,130.3157146549891,19.790646305872173,750,750,600.0,0.15625,800.0,0.2216796875
102008,7,continuous,-1,-1,0064,2.5545984170166776,1000,True,0.9797607421875,0.998828125,False,46533,46533,3541.855748461711,402.6565484778569,-1,20000,,,,
102008,8,continuous,-1,-1,0065,2.5997608749894425,2000,True,0.9382080078125,0.999609375,False,46950,46950,7532.880676946279,1312.0096423711182,-1,20000,,,,
102008,7,count1024,1024,-1,0066,4.759774124948308,20000,False,0.800400390625,0.8296875,False,109693,1024,86.362005269794,9.219439246225033,150,150,0.0,0.2314453125,200.0,0.3701171875
102008,8,count1024,1024,-1,0067,3.368599332985468,8000,True,0.894755859375,0.973828125,False,70465,1024,128.83542160727274,18.933633760066826,798,798,600.0,0.130859375,800.0,0.2041015625
102008,7,time150,-1,150,0068,4.679223417071626,20000,False,0.800400390625,0.8296875,False,109693,1024,86.362005269794,9.219439246225033,150,150,0.0,0.2314453125,200.0,0.3701171875
102008,8,time150,-1,150,0069,4.423298917012289,20000,False,0.72888671875,0.7517578125,False,101064,406,53.89385246304137,7.588796179263994,150,149,0.0,0.2314453125,200.0,0.203125
102008,7,time750,-1,750,0070,2.605680709006265,1200,True,0.9767138671875,0.996875,False,50915,3712,228.45478457131648,25.996811399457137,750,750,600.0,0.681640625,800.0,0.892578125
102008,8,time750,-1,750,0071,3.4348732919897884,8400,True,0.8963037109375,0.9701171875,False,74826,962,121.96980480906133,17.952860059201395,750,750,600.0,0.130859375,800.0,0.197265625
102009,7,continuous,-1,-1,0072,2.62449054105673,1000,True,0.981953125,0.9994140625,False,47379,47379,3604.1553961426143,408.91215003196334,-1,20000,,,,
102009,8,continuous,-1,-1,0073,2.583325583022088,1800,True,0.9531787109375,0.99921875,False,45162,45162,7267.708893909145,1271.3855659872906,-1,20000,,,,
102009,7,count1024,1024,-1,0074,4.817688457900658,20000,False,0.7770263671875,0.8166015625,False,109212,1024,85.31884744625188,8.87630221264467,110,110,0.0,0.23046875,200.0,0.3662109375
102009,8,count1024,1024,-1,0075,3.174867916968651,4400,True,0.9104052734375,0.9611328125,False,63189,1024,112.10010458854256,16.21961892007064,642,642,600.0,0.236328125,800.0,0.3212890625
102009,7,time150,-1,150,0076,4.669752166024409,20000,False,0.8226416015625,0.8630859375,False,109632,1144,92.66424911828086,9.664147084736992,150,150,0.0,0.23046875,200.0,0.4150390625
102009,8,time150,-1,150,0077,4.36541008297354,20000,False,0.7652294921875,0.8541015625,False,101058,431,58.9252813830766,8.500849402668397,150,150,0.0,0.23046875,200.0,0.201171875
102009,7,time750,-1,750,0078,2.6162458329927176,1000,True,0.9787548828125,0.9974609375,False,51278,3973,253.6574352967897,29.50918119193829,750,750,600.0,0.8017578125,800.0,0.91796875
102009,8,time750,-1,750,0079,2.567542167031206,2400,True,0.93994140625,0.988671875,False,48440,1189,124.45722785126762,18.03558449732435,750,750,600.0,0.236328125,800.0,0.330078125
102010,7,continuous,-1,-1,0080,2.5037084160139784,1000,True,0.9816455078125,0.9990234375,False,46354,46354,3548.6046846668955,404.01348473967033,-1,20000,,,,
102010,8,continuous,-1,-1,0081,2.565693209064193,1600,True,0.95798828125,0.999609375,False,47345,47345,7586.540310955034,1320.4019644034433,-1,20000,,,,
102010,7,count1024,1024,-1,0082,3.7491636669728905,20000,False,0.8600244140625,0.908984375,False,78129,1024,86.64225294044421,9.170325074536134,149,149,0.0,0.240234375,200.0,0.3837890625
102010,8,count1024,1024,-1,0083,2.828421500045806,4200,True,0.9246630859375,0.981640625,False,55263,1024,120.82841801743292,17.50825745541591,589,589,400.0,0.2197265625,600.0,0.27734375
102010,7,time150,-1,150,0084,3.724842458963394,20000,False,0.8600244140625,0.908984375,False,78129,1028,86.67192569080241,9.170577183166483,150,150,0.0,0.240234375,200.0,0.3837890625
102010,8,time150,-1,150,0085,4.418470458011143,20000,False,0.7853076171875,0.863671875,False,101129,473,60.20782478663469,8.268361119029008,150,150,0.0,0.240234375,200.0,0.2412109375
102010,7,time750,-1,750,0086,2.731474458007142,1000,True,0.9794091796875,0.9986328125,False,51583,3759,248.86257803982346,29.626252025902303,750,750,600.0,0.7763671875,800.0,0.9287109375
102010,8,time750,-1,750,0087,2.8493483749916777,3400,True,0.9315673828125,0.978515625,False,56038,1363,150.37823331657367,21.988853498195187,750,750,600.0,0.27734375,800.0,0.3818359375
102011,7,continuous,-1,-1,0088,2.5157243330031633,1000,True,0.981669921875,0.9998046875,False,46747,46747,3623.8725198464645,414.610003163291,-1,20000,,,,
102011,8,continuous,-1,-1,0089,2.5097002499969676,2000,True,0.9418798828125,0.9994140625,False,46168,46168,7439.112259442866,1297.6791972216263,-1,20000,,,,
102011,7,count1024,1024,-1,0090,4.674908582936041,20000,False,0.7949169921875,0.8318359375,False,107124,1024,89.82578226213543,9.605868739891578,144,144,0.0,0.2255859375,200.0,0.373046875
102011,8,count1024,1024,-1,0091,3.0127141670091078,4000,True,0.9175146484375,0.97890625,False,61959,1024,128.97467201169266,19.40210152282989,905,905,800.0,0.1669921875,1000.0,0.2802734375
102011,7,time150,-1,150,0092,4.709180166013539,20000,False,0.7966845703125,0.831640625,False,108693,1048,91.55157788225092,9.815481085184746,150,150,0.0,0.2255859375,200.0,0.3662109375
102011,8,time150,-1,150,0093,3.669798042043112,20000,False,0.549580078125,0.6736328125,False,77817,383,52.2932494125474,7.493366466618596,150,150,0.0,0.2255859375,200.0,0.1943359375
102011,7,time750,-1,750,0094,2.7002708329819143,800,True,0.9786669921875,0.998046875,False,52166,3812,258.31481206087557,30.77929311674847,750,750,600.0,0.8154296875,800.0,0.9501953125
102011,8,time750,-1,750,0095,2.733067417051643,4800,True,0.9040087890625,0.97890625,False,50530,827,110.0747300277717,16.550791746509564,750,749,600.0,0.1220703125,800.0,0.1630859375
102012,7,continuous,-1,-1,0096,2.530017332988791,1000,True,0.98294921875,0.9994140625,False,47319,47319,3641.8761385368343,415.9327886529029,-1,20000,,,,
102012,8,continuous,-1,-1,0097,2.584510291926563,1600,True,0.9536279296875,0.9990234375,False,48526,48526,7750.262636792179,1349.61710646148,-1,20000,,,,
102012,7,count1024,1024,-1,0098,4.796019500005059,20000,False,0.792734375,0.8279296875,False,108843,1024,86.60118998499424,9.206046660061897,127,127,0.0,0.234375,200.0,0.43359375
102012,8,count1024,1024,-1,0099,3.75964445900172,6800,True,0.909931640625,0.96484375,False,82526,1024,125.60144232650234,18.469068445290965,601,601,600.0,0.2490234375,800.0,0.2861328125
102012,7,time150,-1,150,0100,4.735962167032994,20000,False,0.79919921875,0.8291015625,False,108240,1090,90.01511288730691,9.563314864296991,150,150,0.0,0.234375,200.0,0.4462890625
102012,8,time150,-1,150,0101,4.648094000061974,20000,False,0.7696337890625,0.8341796875,False,106840,453,59.83240095416515,8.452837877425866,150,150,0.0,0.234375,200.0,0.232421875
102012,7,time750,-1,750,0102,2.598384458106011,1000,True,0.979775390625,0.996875,False,51257,4031,269.10945077942336,31.75492390475973,750,750,600.0,0.7734375,800.0,0.9287109375
102012,8,time750,-1,750,0103,2.724563791998662,1800,True,0.9445947265625,0.9875,False,54565,1374,154.92412418107273,22.63029577183953,750,750,600.0,0.2490234375,800.0,0.31640625
102013,7,continuous,-1,-1,0104,2.48035433399491,1000,True,0.9830419921875,0.999609375,False,47244,47244,3588.4786583237706,407.02189088907636,-1,20000,,,,
102013,8,continuous,-1,-1,0105,2.536220083013177,2000,True,0.9405615234375,0.9994140625,False,48323,48323,7583.391529367955,1311.5312730486803,-1,19999,,,,
102013,7,count1024,1024,-1,0106,4.6160794999450445,20000,False,0.829443359375,0.875,False,107797,1024,91.54165505167612,9.890106097493431,139,139,0.0,0.2470703125,200.0,0.458984375
102013,8,count1024,1024,-1,0107,3.2415298339910805,5400,True,0.906357421875,0.980078125,False,69857,1024,132.94931282296807,20.17519531720952,817,817,800.0,0.181640625,1000.0,0.2568359375
102013,7,time150,-1,150,0108,4.592415584018454,20000,False,0.7938525390625,0.837890625,False,105252,1078,94.02919162752288,10.115420570690492,150,150,0.0,0.2470703125,200.0,0.44921875
102013,8,time150,-1,150,0109,4.08542395895347,20000,False,0.6231396484375,0.68671875,False,89482,436,57.92590344394246,8.096047591397376,150,150,0.0,0.2470703125,200.0,0.2080078125
102013,7,time750,-1,750,0110,2.6285870410501957,1000,True,0.9809228515625,0.997265625,False,51494,4109,265.3787938755807,31.0342964597067,750,750,600.0,0.814453125,800.0,0.927734375
102013,8,time750,-1,750,0111,3.2241340830223635,5800,True,0.9090966796875,0.98359375,False,67606,940,124.05611998036902,18.865146817155708,750,748,600.0,0.1611328125,800.0,0.1689453125
102014,7,continuous,-1,-1,0112,2.556469167000614,1000,True,0.9824169921875,0.99921875,False,47090,47090,3587.47734237603,408.4618574434386,-1,20000,,,,
102014,8,continuous,-1,-1,0113,2.5825620000250638,2000,True,0.9443505859375,0.9986328125,False,46718,46718,7400.944265219814,1281.096011715379,-1,20000,,,,
102014,7,count1024,1024,-1,0114,4.761839041020721,20000,False,0.8351708984375,0.8884765625,False,110156,1024,91.36168906537554,9.834168285082951,136,136,0.0,0.263671875,200.0,0.44140625
102014,8,count1024,1024,-1,0115,3.3255517500219867,5800,True,0.9053857421875,0.9724609375,False,70438,1024,132.93423656500147,19.966941548135193,707,707,600.0,0.169921875,800.0,0.21875
102014,7,time150,-1,150,0116,4.70076804200653,20000,False,0.84451171875,0.874609375,False,109695,1079,94.51554988007734,10.130033543452395,150,150,0.0,0.263671875,200.0,0.451171875
102014,8,time150,-1,150,0117,4.316807082970627,20000,False,0.69767578125,0.76484375,False,96223,463,61.91205763825844,8.75159904218081,150,150,0.0,0.263671875,200.0,0.232421875
102014,7,time750,-1,750,0118,2.6263721249997616,1000,True,0.97974609375,0.997265625,False,51232,4011,258.6347699397438,30.12607355762093,750,750,600.0,0.744140625,800.0,0.916015625
102014,8,time750,-1,750,0119,3.5712670419598,5000,True,0.90587890625,0.9802734375,False,76802,1088,139.80946324435243,20.955053493933004,750,750,600.0,0.169921875,800.0,0.21875
102015,7,continuous,-1,-1,0120,2.5023428330896422,1000,True,0.9816845703125,0.99921875,False,46971,46971,3616.911835734369,412.1062494495834,-1,20000,,,,
102015,8,continuous,-1,-1,0121,2.557702833088115,1600,True,0.952412109375,0.998828125,False,48029,48029,7578.816953473166,1312.6650678831186,-1,19998,,,,
102015,7,count1024,1024,-1,0122,4.80325720901601,20000,False,0.7892529296875,0.8380859375,False,107904,1024,87.35882061373624,9.314821926409838,140,140,0.0,0.234375,200.0,0.3935546875
102015,8,count1024,1024,-1,0123,3.785875124973245,6000,True,0.9008544921875,0.95546875,False,81515,1024,122.85919032893258,18.256805019417563,679,679,600.0,0.1943359375,800.0,0.2265625
102015,7,time150,-1,150,0124,4.839712125016376,20000,False,0.7968896484375,0.8498046875,False,109421,1048,88.76681520741332,9.44848139614586,150,149,0.0,0.234375,200.0,0.4052734375
102015,8,time150,-1,150,0125,4.630744624999352,20000,False,0.73564453125,0.789453125,False,103010,442,58.63274092768907,8.254034429525243,150,150,0.0,0.234375,200.0,0.236328125
102015,7,time750,-1,750,0126,2.6318636659998447,1200,True,0.9785693359375,0.9986328125,False,51240,3841,256.0259682114697,30.116139644199414,750,750,600.0,0.775390625,800.0,0.921875
102015,8,time750,-1,750,0127,3.597439375007525,7000,True,0.9065576171875,0.9548828125,False,79686,1149,133.9260759659294,19.809434010232486,750,750,600.0,0.1943359375,800.0,0.2685546875
102016,7,continuous,-1,-1,0128,2.4936639999505132,1000,True,0.98080078125,0.9990234375,False,47061,47061,3636.8074548362106,415.99961793617297,-1,20000,,,,
102016,8,continuous,-1,-1,0129,2.5956913341069594,1600,True,0.95126953125,0.998828125,False,49487,49487,7795.285643730109,1342.8013862535827,-1,20000,,,,
102016,7,count1024,1024,-1,0130,4.646928749978542,20000,False,0.7709912109375,0.822265625,False,107027,1024,93.26195025034883,10.086493880293187,133,133,0.0,0.2451171875,200.0,0.353515625
102016,8,count1024,1024,-1,0131,4.051266125054099,20000,False,0.865986328125,0.921875,False,91060,1024,130.1792130296396,19.235798538477944,618,618,600.0,0.220703125,800.0,0.34375
102016,7,time150,-1,150,0132,4.706148709054105,20000,False,0.81103515625,0.86875,False,109549,1084,96.70302302060387,10.424934100093942,150,150,0.0,0.2451171875,200.0,0.376953125
102016,8,time150,-1,150,0133,4.398799667018466,20000,False,0.741943359375,0.7876953125,False,98990,502,66.43625472580038,9.423446294881009,150,150,0.0,0.2451171875,200.0,0.2294921875
102016,7,time750,-1,750,0134,2.603220417047851,1000,True,0.9777587890625,0.9984375,False,50767,3852,252.65714446414572,29.36899040382938,750,750,600.0,0.73046875,800.0,0.9248046875
102016,8,time750,-1,750,0135,3.523854458006099,7400,True,0.9093896484375,0.9810546875,False,78158,1333,159.09357360423908,23.267087571971977,750,750,600.0,0.220703125,800.0,0.314453125
102017,7,continuous,-1,-1,0136,2.4801145830424502,1000,True,0.9818896484375,0.9994140625,False,46912,46912,3602.252159587169,411.4931102474696,-1,20000,,,,
102017,8,continuous,-1,-1,0137,2.5494305420434102,1800,True,0.9529638671875,0.9984375,False,48199,48199,7548.526643814894,1301.2484788946438,-1,20000,,,,
102017,7,count1024,1024,-1,0138,4.622580041992478,20000,False,0.758935546875,0.7890625,False,106564,1024,91.89468548421166,9.94464009491166,126,126,0.0,0.2666015625,200.0,0.4169921875
102017,8,count1024,1024,-1,0139,2.830828999984078,3800,True,0.9329296875,0.9857421875,False,57124,1024,130.29146351288992,19.259662914739963,619,619,600.0,0.2412109375,800.0,0.3828125
102017,7,time150,-1,150,0140,4.647246166947298,20000,False,0.79287109375,0.8373046875,False,108392,1124,98.02420827740771,10.589354219427614,150,150,0.0,0.2666015625,200.0,0.4052734375
102017,8,time150,-1,150,0141,3.8858197920490056,20000,False,0.6793212890625,0.79765625,False,84068,452,61.521488478077494,8.730246120083715,150,150,0.0,0.2666015625,200.0,0.2373046875
102017,7,time750,-1,750,0142,2.6453111249720678,1000,True,0.97841796875,0.9982421875,False,52110,4022,265.31322851214554,30.924642097763694,750,750,600.0,0.7822265625,800.0,0.923828125
102017,8,time750,-1,750,0143,2.9620184579398483,2200,True,0.943466796875,0.988671875,False,61549,1307,155.98138750741606,22.995481367156216,750,750,600.0,0.2412109375,800.0,0.3466796875
102018,7,continuous,-1,-1,0144,2.4869089579442516,1000,True,0.9815966796875,0.9990234375,False,46992,46992,3597.0002625656307,409.7634770215034,-1,20000,,,,
102018,8,continuous,-1,-1,0145,2.5126459170132875,1800,True,0.945068359375,0.998828125,False,47399,47399,7565.913038724397,1314.4477393832528,-1,20000,,,,
102018,7,count1024,1024,-1,0146,4.713231458095834,20000,False,0.797802734375,0.85703125,False,110251,1024,87.7434572132401,9.325235479561645,131,131,0.0,0.25390625,200.0,0.3857421875
102018,8,count1024,1024,-1,0147,3.8985462919808924,9200,True,0.8945947265625,0.9560546875,False,90139,1024,135.05366772024345,20.46555370657936,852,852,800.0,0.158203125,1000.0,0.216796875
102018,7,time150,-1,150,0148,4.668014874914661,20000,False,0.7973046875,0.8314453125,False,107029,1085,90.68052739035551,9.62766260207002,150,150,0.0,0.25390625,200.0,0.365234375
102018,8,time150,-1,150,0149,3.7888813329627737,20000,False,0.6849951171875,0.8103515625,False,81367,440,59.91237414180024,8.541970029128478,150,150,0.0,0.25390625,200.0,0.1806640625
102018,7,time750,-1,750,0150,2.5843630000017583,1000,True,0.979326171875,0.9982421875,False,50657,3884,252.26287093914704,29.449761028256248,750,750,600.0,0.76953125,800.0,0.9306640625
102018,8,time750,-1,750,0151,3.582677499973215,15200,True,0.8850732421875,0.94296875,False,79412,906,121.74031114407046,18.448929888097584,750,748,600.0,0.126953125,800.0,0.162109375
102019,7,continuous,-1,-1,0152,2.47540916595608,1000,True,0.982109375,0.9994140625,False,46496,46496,3569.122388506084,407.0654780126714,-1,19999,,,,
102019,8,continuous,-1,-1,0153,2.572567541967146,2000,True,0.9423583984375,0.9986328125,False,49218,49218,7601.710220009476,1307.3751583671883,-1,20000,,,,
102019,7,count1024,1024,-1,0154,4.713442541076802,20000,False,0.8173583984375,0.8365234375,False,111210,1024,88.70015632172696,9.438391683900493,137,137,0.0,0.2412109375,200.0,0.3994140625
102019,8,count1024,1024,-1,0155,4.248540124972351,20000,False,0.8415087890625,0.8927734375,False,98527,1024,129.0848104789561,19.302801449128992,770,770,600.0,0.16796875,800.0,0.193359375
102019,7,time150,-1,150,0156,4.689407416968606,20000,False,0.808779296875,0.8505859375,False,109882,1078,91.59689985144222,9.73927922583305,150,150,0.0,0.2412109375,200.0,0.3720703125
102019,8,time150,-1,150,0157,4.41412420803681,20000,False,0.722109375,0.8111328125,False,100997,439,59.413498127475215,8.431174081136371,150,149,0.0,0.2412109375,200.0,0.216796875
102019,7,time750,-1,750,0158,2.6940763749880716,800,True,0.9801025390625,0.9994140625,False,51129,3878,251.9913990570192,29.519894742559767,750,750,600.0,0.8095703125,800.0,0.951171875
102019,8,time750,-1,750,0159,4.219611249980517,20000,False,0.8528466796875,0.9140625,False,91739,998,127.43996609158226,19.069741750218803,750,749,600.0,0.16796875,800.0,0.177734375
