comparison,mode,metric,effect,low,high
staged_improvement,7,time,0.0,0.0,0.0
staged_improvement,7,auc,0.08248950195312502,0.07841890258789062,0.08664071655273439
staged_improvement,7,reached,0.0,0.0,0.0
staged_improvement,7,late,0.09094726562500002,0.08262695312500003,0.09892578125000001
staged_improvement,8,time,0.0,0.0,0.0
staged_improvement,8,auc,0.003764404296874993,-0.029533825683593758,0.032755010986328104
staged_improvement,8,reached,0.0,0.0,0.0
staged_improvement,8,late,0.019892578124999987,-0.006963134765625028,0.04401416015624996
direction_interaction,0,time,0.0,0.0,0.0
direction_interaction,0,auc,0.07872509765624999,0.05031165771484376,0.11112120361328114
direction_interaction,0,reached,0.0,0.0,0.0
direction_interaction,0,late,0.07105468750000002,0.04633789062500003,0.09806738281249995
