seed,mode,regime,cap,stop,spaced,prefix,seconds,time,reached,auc,late,extinct,births,updates,sum_norm,sum_sq,cutoff,skipped,last_write,cutoff_sample_before_t,cutoff_sample_before_occ,cutoff_sample_after_t,cutoff_sample_after_occ
104000,7,earliest,1024,-1,0,0000,4.526483332971111,20000,False,0.68224609375,0.7068359375,False,95773,1024,20.479999999999652,0.4096000000000076,139,0,139,0.0,0.271484375,200.0,0.404296875
104000,8,earliest,1024,-1,0,0001,3.9480882920324802,20000,False,0.6514306640625,0.7541015625,False,80787,1024,20.479999999999652,0.4096000000000076,742,0,742,600.0,0.142578125,800.0,0.1650390625
104000,7,staged,1024,-1,1,0002,4.287812958005816,20000,False,0.759638671875,0.794921875,False,89036,1024,20.479999999999652,0.4096000000000076,769,2064,769,600.0,0.478515625,800.0,0.6396484375
104000,8,staged,1024,-1,1,0003,3.813546958961524,20000,False,0.5647216796875,0.693359375,False,78937,1024,20.479999999999652,0.4096000000000076,1409,388,1409,1400.0,0.126953125,1600.0,0.103515625
104001,7,earliest,1024,-1,0,0004,4.335462959017605,20000,False,0.6878857421875,0.731640625,False,96122,1024,20.479999999999652,0.4096000000000076,141,0,141,0.0,0.2548828125,200.0,0.3515625
104001,8,earliest,1024,-1,0,0005,3.6699818749912083,20000,False,0.683193359375,0.771484375,False,77849,1024,20.479999999999652,0.4096000000000076,977,0,977,800.0,0.1240234375,1000.0,0.1240234375
104001,7,staged,1024,-1,1,0006,4.076474000001326,20000,False,0.760419921875,0.798046875,False,88246,1024,20.479999999999652,0.4096000000000076,774,2011,774,600.0,0.4609375,800.0,0.5263671875
104001,8,staged,1024,-1,1,0007,3.7698479579994455,20000,False,0.66556640625,0.7658203125,False,81313,1024,20.479999999999652,0.4096000000000076,1296,368,1296,1200.0,0.1123046875,1400.0,0.1357421875
104002,7,earliest,1024,-1,0,0008,4.4582197909476236,20000,False,0.68646484375,0.6857421875,False,94981,1024,20.479999999999652,0.4096000000000076,147,0,147,0.0,0.2509765625,200.0,0.392578125
104002,8,earliest,1024,-1,0,0009,4.185112499981187,20000,False,0.6745361328125,0.7470703125,False,88993,1024,20.479999999999652,0.4096000000000076,696,0,696,600.0,0.1630859375,800.0,0.1650390625
104002,7,staged,1024,-1,1,0010,4.304152583004907,20000,False,0.7484912109375,0.7865234375,False,90271,1024,20.479999999999652,0.4096000000000076,778,2142,778,600.0,0.5537109375,800.0,0.595703125
104002,8,staged,1024,-1,1,0011,3.8918587919324636,20000,False,0.6822900390625,0.7689453125,False,80559,1024,20.479999999999652,0.4096000000000076,1558,358,1558,1400.0,0.091796875,1600.0,0.12109375
104003,7,earliest,1024,-1,0,0012,4.3399379580514506,20000,False,0.6733203125,0.6951171875,False,95693,1024,20.479999999999652,0.4096000000000076,136,0,136,0.0,0.255859375,200.0,0.4130859375
104003,8,earliest,1024,-1,0,0013,3.7480995840160176,20000,False,0.639267578125,0.71875,False,80776,1024,20.479999999999652,0.4096000000000076,828,0,828,800.0,0.1337890625,1000.0,0.134765625
104003,7,staged,1024,-1,1,0014,4.049009499954991,20000,False,0.7607568359375,0.8037109375,False,87583,1024,20.479999999999652,0.4096000000000076,783,2022,783,600.0,0.439453125,800.0,0.53125
104003,8,staged,1024,-1,1,0015,3.82740879105404,20000,False,0.6804296875,0.77421875,False,82619,1024,20.479999999999652,0.4096000000000076,1071,337,1071,1000.0,0.1328125,1200.0,0.16015625
104004,7,earliest,1024,-1,0,0016,4.471031583962031,20000,False,0.681767578125,0.7123046875,False,95002,1024,20.479999999999652,0.4096000000000076,153,0,153,0.0,0.2412109375,200.0,0.337890625
104004,8,earliest,1024,-1,0,0017,4.11862075002864,20000,False,0.6762451171875,0.7515625,False,86162,1024,20.479999999999652,0.4096000000000076,732,0,732,600.0,0.1435546875,800.0,0.1923828125
104004,7,staged,1024,-1,1,0018,4.261805542046204,20000,False,0.76150390625,0.81796875,False,89016,1024,20.479999999999652,0.4096000000000076,782,2115,782,600.0,0.51171875,800.0,0.5634765625
104004,8,staged,1024,-1,1,0019,3.8368336249841377,20000,False,0.5935107421875,0.678125,False,79421,1024,20.479999999999652,0.4096000000000076,1304,343,1304,1200.0,0.0859375,1400.0,0.0888671875
104005,7,earliest,1024,-1,0,0020,4.302106957999058,20000,False,0.6716455078125,0.68359375,False,95290,1024,20.479999999999652,0.4096000000000076,143,0,143,0.0,0.2353515625,200.0,0.3232421875
104005,8,earliest,1024,-1,0,0021,3.9961565830744803,20000,False,0.617099609375,0.6787109375,False,88624,1024,20.479999999999652,0.4096000000000076,991,0,991,800.0,0.10546875,1000.0,0.12109375
104005,7,staged,1024,-1,1,0022,4.089915416901931,20000,False,0.7628857421875,0.7890625,False,88850,1024,20.479999999999652,0.4096000000000076,778,2092,778,600.0,0.4658203125,800.0,0.5302734375
104005,8,staged,1024,-1,1,0023,3.5086100839544088,20000,False,0.670400390625,0.7900390625,False,73441,1024,20.479999999999652,0.4096000000000076,1571,322,1571,1400.0,0.1171875,1600.0,0.0966796875
104006,7,earliest,1024,-1,0,0024,4.326848875032738,20000,False,0.67185546875,0.7107421875,False,95625,1024,20.479999999999652,0.4096000000000076,143,0,143,0.0,0.23828125,200.0,0.3779296875
104006,8,earliest,1024,-1,0,0025,4.005471749929711,20000,False,0.6194189453125,0.694140625,False,88439,1024,20.479999999999652,0.4096000000000076,761,0,761,600.0,0.15625,800.0,0.134765625
104006,7,staged,1024,-1,1,0026,4.097236417001113,20000,False,0.7625146484375,0.80234375,False,88715,1024,20.479999999999652,0.4096000000000076,777,2326,777,600.0,0.521484375,800.0,0.5888671875
104006,8,staged,1024,-1,1,0027,3.7101854169741273,20000,False,0.617255859375,0.7361328125,False,80955,1024,20.479999999999652,0.4096000000000076,1917,325,1917,1800.0,0.0791015625,2000.0,0.0849609375
104007,7,earliest,1024,-1,0,0028,4.369778458960354,20000,False,0.6813525390625,0.6849609375,False,96463,1024,20.479999999999652,0.4096000000000076,128,0,128,0.0,0.2548828125,200.0,0.44921875
104007,8,earliest,1024,-1,0,0029,3.77594154200051,20000,False,0.595166015625,0.6830078125,False,80620,1024,20.479999999999652,0.4096000000000076,711,0,711,600.0,0.158203125,800.0,0.1650390625
104007,7,staged,1024,-1,1,0030,4.074647499946877,20000,False,0.7650732421875,0.8068359375,False,87612,1024,20.479999999999652,0.4096000000000076,780,2076,780,600.0,0.455078125,800.0,0.5517578125
104007,8,staged,1024,-1,1,0031,3.7331149999517947,20000,False,0.666953125,0.7650390625,False,80063,1024,20.479999999999652,0.4096000000000076,1156,366,1156,1000.0,0.1220703125,1200.0,0.1083984375
104008,7,earliest,1024,-1,0,0032,4.349152749986388,20000,False,0.6724853515625,0.6775390625,False,95579,1024,20.479999999999652,0.4096000000000076,156,0,156,0.0,0.2421875,200.0,0.41796875
104008,8,earliest,1024,-1,0,0033,3.7563084170687944,20000,False,0.675,0.7408203125,False,79069,1024,20.479999999999652,0.4096000000000076,777,0,777,600.0,0.1494140625,800.0,0.171875
104008,7,staged,1024,-1,1,0034,4.099119874997996,20000,False,0.763623046875,0.7939453125,False,87972,1024,20.479999999999652,0.4096000000000076,786,2063,786,600.0,0.4658203125,800.0,0.576171875
104008,8,staged,1024,-1,1,0035,3.793719083070755,20000,False,0.647724609375,0.7501953125,False,81755,1024,20.479999999999652,0.4096000000000076,1483,320,1483,1400.0,0.09765625,1600.0,0.125
104009,7,earliest,1024,-1,0,0036,4.334118875092827,20000,False,0.677607421875,0.7154296875,False,95624,1024,20.479999999999652,0.4096000000000076,142,0,142,0.0,0.2509765625,200.0,0.3515625
104009,8,earliest,1024,-1,0,0037,3.6872834999812767,20000,False,0.5742724609375,0.6693359375,False,79685,1024,20.479999999999652,0.4096000000000076,914,0,914,800.0,0.111328125,1000.0,0.1123046875
104009,7,staged,1024,-1,1,0038,4.100598625023849,20000,False,0.7601025390625,0.78515625,False,88496,1024,20.479999999999652,0.4096000000000076,788,2005,788,600.0,0.4990234375,800.0,0.529296875
104009,8,staged,1024,-1,1,0039,3.638151124934666,20000,False,0.6362060546875,0.7380859375,False,78138,1024,20.479999999999652,0.4096000000000076,1510,347,1510,1400.0,0.109375,1600.0,0.1015625
104010,7,earliest,1024,-1,0,0040,4.382442708010785,20000,False,0.6847509765625,0.73203125,False,96687,1024,20.479999999999652,0.4096000000000076,143,0,143,0.0,0.2548828125,200.0,0.369140625
104010,8,earliest,1024,-1,0,0041,3.9497333749895915,20000,False,0.626416015625,0.704296875,False,86703,1024,20.479999999999652,0.4096000000000076,914,0,914,800.0,0.1416015625,1000.0,0.1572265625
104010,7,staged,1024,-1,1,0042,4.118973708013073,20000,False,0.7584716796875,0.7837890625,False,88767,1024,20.479999999999652,0.4096000000000076,778,2046,778,600.0,0.45703125,800.0,0.58984375
104010,8,staged,1024,-1,1,0043,3.8002834169892594,20000,False,0.6141357421875,0.699609375,False,82617,1024,20.479999999999652,0.4096000000000076,1683,349,1683,1600.0,0.08984375,1800.0,0.08984375
104011,7,earliest,1024,-1,0,0044,4.743590000085533,20000,False,0.67673828125,0.712109375,False,96625,1024,20.479999999999652,0.4096000000000076,142,0,142,0.0,0.2646484375,200.0,0.3681640625
104011,8,earliest,1024,-1,0,0045,4.249408624949865,20000,False,0.628017578125,0.7212890625,False,83793,1024,20.479999999999652,0.4096000000000076,659,0,659,600.0,0.15234375,800.0,0.1298828125
104011,7,staged,1024,-1,1,0046,4.520190832903609,20000,False,0.75400390625,0.7888671875,False,89706,1024,20.479999999999652,0.4096000000000076,776,2158,776,600.0,0.537109375,800.0,0.5771484375
104011,8,staged,1024,-1,1,0047,4.071187624940649,20000,False,0.6872900390625,0.7765625,False,79270,1024,20.479999999999652,0.4096000000000076,1346,416,1346,1200.0,0.111328125,1400.0,0.109375
104012,7,earliest,1024,-1,0,0048,4.456696290988475,20000,False,0.67326171875,0.6830078125,False,95816,1024,20.479999999999652,0.4096000000000076,140,0,140,0.0,0.2470703125,200.0,0.4150390625
104012,8,earliest,1024,-1,0,0049,3.879433208028786,20000,False,0.646494140625,0.7236328125,False,79685,1024,20.479999999999652,0.4096000000000076,685,0,685,600.0,0.1865234375,800.0,0.1708984375
104012,7,staged,1024,-1,1,0050,4.177818625001237,20000,False,0.76703125,0.7912109375,False,87466,1024,20.479999999999652,0.4096000000000076,776,2062,776,600.0,0.5009765625,800.0,0.6025390625
104012,8,staged,1024,-1,1,0051,3.9223248749040067,20000,False,0.6452294921875,0.7439453125,False,82189,1024,20.479999999999652,0.4096000000000076,1135,397,1135,1000.0,0.142578125,1200.0,0.1474609375
104013,7,earliest,1024,-1,0,0052,4.348646875005215,20000,False,0.686064453125,0.72265625,False,95416,1024,20.479999999999652,0.4096000000000076,138,0,138,0.0,0.2255859375,200.0,0.3583984375
104013,8,earliest,1024,-1,0,0053,3.5892199160298333,20000,False,0.555419921875,0.6365234375,False,75801,1024,20.479999999999652,0.4096000000000076,948,0,948,800.0,0.10546875,1000.0,0.099609375
104013,7,staged,1024,-1,1,0054,4.110010875039734,20000,False,0.7648095703125,0.7970703125,False,88198,1024,20.479999999999652,0.4096000000000076,778,2095,778,600.0,0.5166015625,800.0,0.5615234375
104013,8,staged,1024,-1,1,0055,3.8024634999455884,20000,False,0.6501220703125,0.735546875,False,82013,1024,20.479999999999652,0.4096000000000076,1656,307,1656,1600.0,0.0859375,1800.0,0.14453125
104014,7,earliest,1024,-1,0,0056,4.473925625090487,20000,False,0.6848046875,0.7119140625,False,96322,1024,20.479999999999652,0.4096000000000076,143,0,143,0.0,0.2587890625,200.0,0.3994140625
104014,8,earliest,1024,-1,0,0057,3.9931374590378255,20000,False,0.6205224609375,0.7228515625,False,85251,1024,20.479999999999652,0.4096000000000076,774,0,774,600.0,0.13671875,800.0,0.154296875
104014,7,staged,1024,-1,1,0058,4.2012072909856215,20000,False,0.7599853515625,0.8087890625,False,88675,1024,20.479999999999652,0.4096000000000076,771,2169,771,600.0,0.4990234375,800.0,0.556640625
104014,8,staged,1024,-1,1,0059,3.8239968749694526,20000,False,0.64689453125,0.7421875,False,79849,1024,20.479999999999652,0.4096000000000076,1269,368,1269,1200.0,0.109375,1400.0,0.0830078125
104015,7,earliest,1024,-1,0,0060,4.736122166970745,20000,False,0.6811474609375,0.6826171875,False,96120,1024,20.479999999999652,0.4096000000000076,137,0,137,0.0,0.2587890625,200.0,0.369140625
104015,8,earliest,1024,-1,0,0061,4.2365426670294255,20000,False,0.629306640625,0.714453125,False,82893,1024,20.479999999999652,0.4096000000000076,703,0,703,600.0,0.1689453125,800.0,0.162109375
104015,7,staged,1024,-1,1,0062,4.485217415960506,20000,False,0.755,0.76875,False,88683,1024,20.479999999999652,0.4096000000000076,780,2099,780,600.0,0.4716796875,800.0,0.5205078125
104015,8,staged,1024,-1,1,0063,3.0949157499708235,20000,False,0.42009765625,0.5775390625,False,56013,1024,20.479999999999652,0.4096000000000076,1406,344,1406,1400.0,0.1162109375,1600.0,0.1015625
104016,7,earliest,1024,-1,0,0064,4.3692558750044554,20000,False,0.68373046875,0.6818359375,False,96038,1024,20.479999999999652,0.4096000000000076,134,0,134,0.0,0.267578125,200.0,0.388671875
104016,8,earliest,1024,-1,0,0065,3.388603250030428,20000,False,0.624814453125,0.764453125,False,72209,1024,20.479999999999652,0.4096000000000076,958,0,958,800.0,0.1220703125,1000.0,0.0927734375
104016,7,staged,1024,-1,1,0066,4.063891374971718,20000,False,0.7593359375,0.783203125,False,88368,1024,20.479999999999652,0.4096000000000076,771,2177,771,600.0,0.478515625,800.0,0.55859375
104016,8,staged,1024,-1,1,0067,3.6517470839899033,20000,False,0.66875,0.776171875,False,79515,1024,20.479999999999652,0.4096000000000076,1551,388,1551,1400.0,0.0947265625,1600.0,0.068359375
104017,7,earliest,1024,-1,0,0068,4.410396291990764,20000,False,0.6815771484375,0.7181640625,False,97735,1024,20.479999999999652,0.4096000000000076,152,0,152,0.0,0.2294921875,200.0,0.4091796875
104017,8,earliest,1024,-1,0,0069,3.859148957999423,20000,False,0.637763671875,0.7140625,False,83875,1024,20.479999999999652,0.4096000000000076,776,0,776,600.0,0.146484375,800.0,0.1513671875
104017,7,staged,1024,-1,1,0070,4.083564959000796,20000,False,0.7669775390625,0.79453125,False,87364,1024,20.479999999999652,0.4096000000000076,779,1980,779,600.0,0.3935546875,800.0,0.548828125
104017,8,staged,1024,-1,1,0071,3.734362208051607,20000,False,0.623798828125,0.7333984375,False,79186,1024,20.479999999999652,0.4096000000000076,1272,337,1272,1200.0,0.1484375,1400.0,0.1455078125
104018,7,earliest,1024,-1,0,0072,4.402776458999142,20000,False,0.6691796875,0.68125,False,96091,1024,20.479999999999652,0.4096000000000076,142,0,142,0.0,0.2548828125,200.0,0.435546875
104018,8,earliest,1024,-1,0,0073,3.428434833069332,20000,False,0.50599609375,0.637109375,False,71331,1024,20.479999999999652,0.4096000000000076,770,0,770,600.0,0.146484375,800.0,0.142578125
104018,7,staged,1024,-1,1,0074,4.10321783402469,20000,False,0.7669140625,0.7849609375,False,88067,1024,20.479999999999652,0.4096000000000076,773,2019,773,600.0,0.4541015625,800.0,0.533203125
104018,8,staged,1024,-1,1,0075,3.89358875004109,20000,False,0.605205078125,0.689453125,False,84790,1024,20.479999999999652,0.4096000000000076,1547,379,1547,1400.0,0.080078125,1600.0,0.1015625
104019,7,earliest,1024,-1,0,0076,4.303341833990999,20000,False,0.664951171875,0.6896484375,False,95458,1024,20.479999999999652,0.4096000000000076,147,0,147,0.0,0.2529296875,200.0,0.396484375
104019,8,earliest,1024,-1,0,0077,3.867634291993454,20000,False,0.6679931640625,0.7326171875,False,82649,1024,20.479999999999652,0.4096000000000076,758,0,758,600.0,0.1552734375,800.0,0.1845703125
104019,7,staged,1024,-1,1,0078,4.096823459025472,20000,False,0.765087890625,0.7583984375,False,88800,1024,20.479999999999652,0.4096000000000076,781,2131,781,600.0,0.525390625,800.0,0.5380859375
104019,8,staged,1024,-1,1,0079,3.7316116669680923,20000,False,0.637080078125,0.74375,False,80311,1024,20.479999999999652,0.4096000000000076,1183,335,1183,1000.0,0.1171875,1200.0,0.1240234375
