fraction,lam,rule,metric,effect,low,high,positive,negative
0.5,0.25,1,time0.95,10.0,-20.0,40.0,2,1
0.5,0.25,2,time0.95,10.0,-20.0,40.0,2,1
0.5,0.25,3,time0.95,10.0,-20.0,40.0,2,1
0.5,0.25,1,auc,0.000321777343749996,7.592163085934593e-05,0.0005678833007812595,11,9
0.5,0.25,2,auc,0.00026489257812499224,2.856445312500677e-05,0.0005041564941406375,12,8
0.5,0.25,3,auc,0.000321777343749996,7.592163085934593e-05,0.0005678833007812595,11,9
0.5,0.5,1,time0.95,70.0,-50.0,190.0,7,6
0.5,0.5,2,time0.95,80.0,-40.0,210.0,7,6
0.5,0.5,3,time0.95,80.0,-40.0,210.0,7,6
0.5,0.5,1,auc,0.0058320312500000195,0.002138403320312515,0.009313989257812511,15,5
0.5,0.5,2,auc,0.005898925781250014,0.0022060302734375143,0.009397216796874991,15,5
0.5,0.5,3,auc,0.005829345703125011,0.002126446533203123,0.009313983154296891,16,4
0.5,1.0,1,time0.95,380.0,200.0,560.0,17,3
0.5,1.0,2,time0.95,370.0,180.0,560.0,15,2
0.5,1.0,3,time0.95,380.0,200.0,560.0,17,3
0.5,1.0,1,auc,0.015130615234374988,0.009636218261718756,0.0205232238769531,17,3
0.5,1.0,2,auc,0.015036132812499997,0.009508398437500006,0.02047924804687498,17,3
0.5,1.0,3,auc,0.015142333984374978,0.00963762817382813,0.020552032470703092,17,3
0.65,0.25,1,time0.95,0.0,-30.0,30.0,1,1
0.65,0.25,2,time0.95,0.0,-30.0,30.0,1,1
0.65,0.25,3,time0.95,0.0,-30.0,30.0,1,1
0.65,0.25,1,auc,-0.00025976562499999134,-0.00047803955078127566,-6.469116210935098e-05,7,13
0.65,0.25,2,auc,-0.0002631835937499993,-0.00047656250000001094,-7.397460937500447e-05,6,14
0.65,0.25,3,auc,-0.00025976562499999134,-0.00047803955078127566,-6.469116210935098e-05,7,13
0.65,0.5,1,time0.95,-10.0,-120.0,100.0,7,7
0.65,0.5,2,time0.95,0.0,-110.0,110.0,8,7
0.65,0.5,3,time0.95,-10.0,-120.0,100.0,7,7
0.65,0.5,1,auc,0.0015104980468750085,-0.0009551818847656279,0.003984375000000012,12,8
0.65,0.5,2,auc,0.0014631347656249905,-0.0009721679687500152,0.0039060424804687687,12,8
0.65,0.5,3,auc,0.0015036621093749924,-0.0009414184570312602,0.003964379882812473,12,8
0.65,1.0,1,time0.95,110.0,-50.0,250.0,13,4
0.65,1.0,2,time0.95,60.0,-80.0,180.0,12,4
0.65,1.0,3,time0.95,110.0,-50.0,250.0,13,4
0.65,1.0,1,auc,0.010139648437500015,0.006521875000000007,0.0133499694824219,17,3
0.65,1.0,2,auc,0.009847656250000008,0.006116680908203141,0.013263922119140636,17,3
0.65,1.0,3,auc,0.010102783203125021,0.006500677490234386,0.013298388671875048,17,3
