fraction,lam,rule,cap,metric,effect,low,high,positive,negative
0.5,0.25,0,-1,time0.95,1530.0,1390.0,1670.0,20,0
0.5,0.25,0,-1,auc,0.070297119140625,0.0654777587890625,0.07545239868164064,20,0
0.5,0.25,0,-1,late,0.00012695312500000112,-0.00018554687500000334,0.0004589843749999878,9,10
0.5,0.25,0,-1,reached0.95,0.0,0.0,0.0,0,0
0.5,0.25,1,-1,time0.95,1540.0,1410.0,1670.0,20,0
0.5,0.25,1,-1,auc,0.070618896484375,0.06591536865234374,0.07567171630859378,20,0
0.5,0.25,1,-1,late,0.00016601562500001554,-9.765624999997779e-05,0.00041015625000002666,11,7
0.5,0.25,1,-1,reached0.95,0.0,0.0,0.0,0,0
0.5,0.25,2,-1,time0.95,1540.0,1410.0,1670.0,20,0
0.5,0.25,2,-1,auc,0.07056201171875001,0.06583836059570312,0.07563722534179688,20,0
0.5,0.25,2,-1,late,0.00020507812500000777,-6.83593749999603e-05,0.00046875000000000665,12,6
0.5,0.25,2,-1,reached0.95,0.0,0.0,0.0,0,0
0.5,0.25,2,1024,time0.95,-10830.0,-13090.0,-8420.0,0,20
0.5,0.25,2,1024,auc,0.016160156250000012,0.004879626464843758,0.027540307617187492,14,6
0.5,0.25,2,1024,late,-0.04143554687500001,-0.046640625000000005,-0.03603515625000002,0,20
0.5,0.25,2,1024,reached0.95,-0.6,-0.8,-0.4,0,12
0.5,0.25,3,-1,time0.95,1540.0,1410.0,1670.0,20,0
0.5,0.25,3,-1,auc,0.070618896484375,0.06591536865234374,0.07567171630859378,20,0
0.5,0.25,3,-1,late,0.00016601562500001554,-9.765624999997779e-05,0.00041015625000002666,11,7
0.5,0.25,3,-1,reached0.95,0.0,0.0,0.0,0,0
0.5,0.5,0,-1,time0.95,1350.0,1230.0,1480.0,20,0
0.5,0.5,0,-1,auc,0.04763354492187501,0.04380333862304687,0.05167243041992187,20,0
0.5,0.5,0,-1,late,2.929687499999556e-05,-0.00022460937500000126,0.00028320312499997575,8,8
0.5,0.5,0,-1,reached0.95,0.0,0.0,0.0,0,0
0.5,0.5,1,-1,time0.95,1420.0,1290.0,1560.0,20,0
0.5,0.5,1,-1,auc,0.053465576171875015,0.04838228759765626,0.05891630249023439,20,0
0.5,0.5,1,-1,late,0.00022460937500000112,-0.00015625000000000223,0.0006445312500000022,11,8
0.5,0.5,1,-1,reached0.95,0.0,0.0,0.0,0,0
0.5,0.5,2,-1,time0.95,1430.0,1290.0,1580.0,20,0
0.5,0.5,2,-1,auc,0.053532470703125015,0.048473614501953144,0.058963391113281256,20,0
0.5,0.5,2,-1,late,0.00025390624999999665,-1.9531249999976826e-05,0.0005371093749999944,11,6
0.5,0.5,2,-1,reached0.95,0.0,0.0,0.0,0,0
0.5,0.5,2,1024,time0.95,1140.0,960.0,1330.0,20,0
0.5,0.5,2,1024,auc,0.042447753906249996,0.037044659423828126,0.04813043212890625,20,0
0.5,0.5,2,1024,late,-0.006523437500000018,-0.008398437500000012,-0.004863281250000018,0,20
0.5,0.5,2,1024,reached0.95,0.0,0.0,0.0,0,0
0.5,0.5,3,-1,time0.95,1430.0,1290.0,1580.0,20,0
0.5,0.5,3,-1,auc,0.053462890625000016,0.04838817749023441,0.05889732055664062,20,0
0.5,0.5,3,-1,late,0.00011718750000000444,-0.000146484375,0.00036132812500002667,12,7
0.5,0.5,3,-1,reached0.95,0.0,0.0,0.0,0,0
0.5,1.0,0,-1,time0.95,1440.0,1350.0,1530.0,20,0
0.5,1.0,0,-1,auc,0.049638916015625006,0.04688305053710939,0.05228126220703125,20,0
0.5,1.0,0,-1,late,0.0005371093750000056,0.00025390625000001334,0.0008007812500000156,14,3
0.5,1.0,0,-1,reached0.95,0.0,0.0,0.0,0,0
0.5,1.0,1,-1,time0.95,1820.0,1670.0,1960.0,20,0
0.5,1.0,1,-1,auc,0.06476953125,0.05946886596679688,0.070289892578125,20,0
0.5,1.0,1,-1,late,0.00017578125000001222,-2.9296874999978904e-05,0.00039062499999999444,10,10
0.5,1.0,1,-1,reached0.95,0.0,0.0,0.0,0,0
0.5,1.0,2,-1,time0.95,1810.0,1650.0,1970.0,20,0
0.5,1.0,2,-1,auc,0.064675048828125,0.05933707275390625,0.07026646728515623,20,0
0.5,1.0,2,-1,late,9.765625000013322e-06,-0.00026367187499998777,0.00028320312499999776,9,8
0.5,1.0,2,-1,reached0.95,0.0,0.0,0.0,0,0
0.5,1.0,2,1024,time0.95,1640.0,1470.0,1830.0,20,0
0.5,1.0,2,1024,auc,0.05973583984374999,0.05398948974609375,0.06557183227539062,20,0
0.5,1.0,2,1024,late,-0.00069335937500003,-0.0014257812500000188,5.8593749999980015e-05,7,13
0.5,1.0,2,1024,reached0.95,0.0,0.0,0.0,0,0
0.5,1.0,3,-1,time0.95,1820.0,1670.0,1960.0,20,0
0.5,1.0,3,-1,auc,0.06478124999999998,0.059442596435546856,0.07033474121093748,20,0
0.5,1.0,3,-1,late,0.0003808593749999978,0.00010742187499999653,0.0006542968750000045,14,6
0.5,1.0,3,-1,reached0.95,0.0,0.0,0.0,0,0
0.65,0.25,0,-1,time0.95,780.0,680.0,880.0,20,0
0.65,0.25,0,-1,auc,0.05200244140625001,0.04892036743164062,0.05499489135742188,20,0
0.65,0.25,0,-1,late,0.0003808593749999978,9.76562499999667e-06,0.0007421875000000189,13,7
0.65,0.25,0,-1,reached0.95,0.0,0.0,0.0,0,0
0.65,0.25,1,-1,time0.95,780.0,680.0,880.0,20,0
0.65,0.25,1,-1,auc,0.051742675781250025,0.04868601684570315,0.054710217285156265,20,0
0.65,0.25,1,-1,late,0.00010742187500000777,-8.789062499999777e-05,0.00031250000000001556,10,7
0.65,0.25,1,-1,reached0.95,0.0,0.0,0.0,0,0
0.65,0.25,2,-1,time0.95,780.0,680.0,880.0,20,0
0.65,0.25,2,-1,auc,0.051739257812500015,0.048680651855468764,0.05470874023437502,20,0
0.65,0.25,2,-1,late,8.789062499998667e-05,-0.000146484375,0.0003320312499999867,9,10
0.65,0.25,2,-1,reached0.95,0.0,0.0,0.0,0,0
0.65,0.25,2,1024,time0.95,0.0,0.0,0.0,0,0
0.65,0.25,2,1024,auc,-0.03486791992187501,-0.06118035888671878,-0.0009877441406251006,3,17
0.65,0.25,2,1024,late,-0.09111328124999998,-0.11194335937499997,-0.06907202148437501,1,19
0.65,0.25,2,1024,reached0.95,0.0,0.0,0.0,0,0
0.65,0.25,3,-1,time0.95,780.0,680.0,880.0,20,0
0.65,0.25,3,-1,auc,0.051742675781250025,0.04868601684570315,0.054710217285156265,20,0
0.65,0.25,3,-1,late,0.00010742187500000777,-8.789062499999777e-05,0.00031250000000001556,10,7
0.65,0.25,3,-1,reached0.95,0.0,0.0,0.0,0,0
0.65,0.5,0,-1,time0.95,810.0,720.0,910.0,20,0
0.65,0.5,0,-1,auc,0.03545678710937499,0.033191894531249995,0.037961669921874996,20,0
0.65,0.5,0,-1,late,5.859374999999667e-05,-0.00018554687500001998,0.00032226562500001774,10,9
0.65,0.5,0,-1,reached0.95,0.0,0.0,0.0,0,0
0.65,0.5,1,-1,time0.95,800.0,710.0,880.0,20,0
0.65,0.5,1,-1,auc,0.03696728515625,0.03493041992187501,0.039064208984375015,20,0
0.65,0.5,1,-1,late,0.00018554687499999222,-7.812500000000666e-05,0.0004785156249999811,9,6
0.65,0.5,1,-1,reached0.95,0.0,0.0,0.0,0,0
0.65,0.5,2,-1,time0.95,810.0,720.0,890.0,20,0
0.65,0.5,2,-1,auc,0.036919921874999984,0.034868377685546854,0.039032733154296874,20,0
0.65,0.5,2,-1,late,0.00016601562499999334,-0.00011718750000001554,0.0004687500000000011,11,6
0.65,0.5,2,-1,reached0.95,0.0,0.0,0.0,0,0
0.65,0.5,2,1024,time0.95,-8890.0,-11790.0,-5950.0,0,14
0.65,0.5,2,1024,auc,-0.164780029296875,-0.1819842041015625,-0.1482486572265625,0,20
0.65,0.5,2,1024,late,-0.19859374999999996,-0.21763696289062495,-0.17888671875,0,20
0.65,0.5,2,1024,reached0.95,-0.7,-0.9,-0.5,0,14
0.65,0.5,3,-1,time0.95,800.0,710.0,880.0,20,0
0.65,0.5,3,-1,auc,0.03696044921874998,0.03492919311523437,0.039046148681640615,20,0
0.65,0.5,3,-1,late,0.0002832031249999811,2.9296874999984458e-05,0.00054687499999998,11,5
0.65,0.5,3,-1,reached0.95,0.0,0.0,0.0,0,0
0.65,1.0,0,-1,time0.95,830.0,760.0,900.0,20,0
0.65,1.0,0,-1,auc,0.026040283203124993,0.024341796874999978,0.02807227783203124,20,0
0.65,1.0,0,-1,late,0.0005078124999999933,0.00023437500000000888,0.0007617187499999956,15,3
0.65,1.0,0,-1,reached0.95,0.0,0.0,0.0,0,0
0.65,1.0,1,-1,time0.95,940.0,830.0,1050.0,20,0
0.65,1.0,1,-1,auc,0.03617993164062501,0.03370872802734375,0.03854737548828128,20,0
0.65,1.0,1,-1,late,0.00037109375000000667,0.00013671875000000332,0.0006152343750000012,11,6
0.65,1.0,1,-1,reached0.95,0.0,0.0,0.0,0,0
0.65,1.0,2,-1,time0.95,890.0,790.0,980.0,20,0
0.65,1.0,2,-1,auc,0.035887939453125,0.03315208740234375,0.03852858276367188,20,0
0.65,1.0,2,-1,late,0.00031250000000001,6.835937500000444e-05,0.0005664062500000067,13,4
0.65,1.0,2,-1,reached0.95,0.0,0.0,0.0,0,0
0.65,1.0,2,1024,time0.95,-10920.0,-14280.25,-7350.0,0,14
0.65,1.0,2,1024,auc,-0.104798095703125,-0.12166614990234371,-0.08742750854492193,0,20
0.65,1.0,2,1024,late,-0.124912109375,-0.138740234375,-0.11086889648437502,0,20
0.65,1.0,2,1024,reached0.95,-0.7,-0.9,-0.5,0,14
0.65,1.0,3,-1,time0.95,940.0,830.0,1050.0,20,0
0.65,1.0,3,-1,auc,0.036143066406250014,0.0336801513671875,0.03851099243164065,20,0
0.65,1.0,3,-1,late,0.00030273437500001333,2.9296875000028866e-05,0.00057617187500002,15,5
0.65,1.0,3,-1,reached0.95,0.0,0.0,0.0,0,0
