fraction,lam,rule,cap,mode,n,time,reached,extinct,auc,late,births,updates,sum_norm,sum_sq,max_step,p99_step,max_abs_child,norm_hit,box_hit,mean_tv_a,mean_tv_r
0.5,0.25,0,-1,7,20,2500.0,20,0,0.9248942871093749,0.999091796875,44428.95,44428.95,1674.4419451515955,92.52651666597168,0.2314997960482948,0.12191356166444305,0.3570460932994973,0.0,0.0,,
0.5,0.25,0,-1,8,20,4030.0,20,0,0.8545971679687501,0.9989648437499999,40537.1,40537.1,3883.926604196661,440.0156291381214,0.3241914479867492,0.1984908557242105,1.4072391660581467,0.0,0.0,,
0.5,0.25,1,-1,7,20,2500.0,20,0,0.9248825683593751,0.999091796875,44434.8,44434.8,1673.6214080074672,92.37534985816876,0.1841261006694568,0.1219755255841444,0.3570460932994973,0.00010316843545707255,0.0,0.007763196595171698,0.011734509605824287
0.5,0.25,1,-1,8,20,4040.0,20,0,0.854263671875,0.99892578125,40594.15,40594.15,3851.046634164005,429.38498583413957,0.1841261006694568,0.18397155639223062,1.2293135150328902,0.021579824287790268,0.0,0.03448764559384133,0.03084930807284758
0.5,0.25,2,-1,7,20,2500.0,20,0,0.9248825683593751,0.999091796875,44434.8,44434.8,1673.6214080074672,92.37534985816876,0.1841261006694568,0.1219755255841444,0.3570460932994973,0.00010316843545707255,0.0,0.007763196595171698,0.011734509605824287
0.5,0.25,2,-1,8,20,4040.0,20,0,0.854320556640625,0.99888671875,40479.05,40479.05,3841.044667133825,428.55008289600994,0.1841261006694568,0.18394689094667865,0.62,0.021876774379353654,0.0018165203250120328,0.03457439724439693,0.03088823033082087
0.5,0.25,2,1024,7,20,16000.0,8,0,0.8465686035156249,0.9473828125000001,57288.3,1024.0,59.99357678561829,4.592989293853078,0.164821898202852,0.04009201334828768,0.2443894592079454,0.0,0.0,0.0005097280252988173,0.0006088903203832326
0.5,0.25,2,1024,8,20,5170.0,20,0,0.830408447265625,0.988818359375,46962.8,1024.0,81.87393443182579,7.944934477814198,0.1841261006694567,0.08386131471686466,0.2611423027692588,4.8828125e-05,0.0,0.0010892502369872824,0.001067128936062954
0.5,0.25,3,-1,7,20,2500.0,20,0,0.9248825683593751,0.999091796875,44434.8,44434.8,1673.6214080074672,92.37534985816876,0.1841261006694568,0.1219755255841444,0.3570460932994973,0.00010316843545707255,0.0,0.007763196595171698,0.011734509605824287
0.5,0.25,3,-1,8,20,4040.0,20,0,0.854263671875,0.99892578125,40594.15,40594.15,3851.0319477340827,429.38219121100735,0.1841261006694568,0.18397155639223062,0.9999986339906644,0.021579824287790268,5.0258395958483424e-06,0.03448764559384133,0.03084930807284758
0.5,0.5,0,-1,7,20,1530.0,20,0,0.955753662109375,0.9992089843749999,43380.5,43380.5,2478.6457587348677,230.586376080534,0.4410901351674445,0.22863328370619032,0.4070206751592941,0.0,0.0,,
0.5,0.5,0,-1,8,20,2880.0,20,0,0.9081201171875,0.9991796875000001,42042.4,42042.4,7987.447810032169,1895.4240697669152,1.4620768871440355,0.44434950319278077,5.292418145549426,0.0,0.0,,
0.5,0.5,1,-1,7,20,1610.0,20,0,0.95317138671875,0.9991113281249999,43484.35,43484.35,2462.713482838752,215.03541061839414,0.1841261006694568,0.1841261006694567,0.4021020581753466,0.027517654155980502,0.0,0.007758695268467923,0.011449655700891535
0.5,0.5,1,-1,8,20,3030.0,20,0,0.8997058105468749,0.99888671875,41765.05,41765.05,6336.218716479495,1043.1625959899457,0.1841261006694568,0.1841261006694567,3.4256966385863095,0.5076105401171835,0.0,0.03410460383313725,0.02986730599206997
0.5,0.5,2,-1,7,20,1610.0,20,0,0.95317138671875,0.9991113281249999,43484.35,43484.35,2462.713482838752,215.03541061839414,0.1841261006694568,0.1841261006694567,0.4021020581753466,0.027517654155980502,0.0,0.007758695268467923,0.011449655700891535
0.5,0.5,2,-1,8,20,3040.0,20,0,0.899638916015625,0.9988574218749999,41773.4,41773.4,6308.234439703019,1034.797849279466,0.1841261006694568,0.1841261006694567,0.62,0.5103533670205915,0.03824256300077057,0.03418273100983017,0.029950933492041178
0.5,0.5,2,1024,7,20,2090.0,20,0,0.937341552734375,0.99046875,53098.2,1024.0,94.64975231642552,11.261969519075272,0.1841261006694567,0.06873193919346214,0.3632642278577342,0.1376953125,0.0,0.0004975486896802945,0.0005815040163091496
0.5,0.5,2,1024,8,20,3230.0,20,0,0.8948937988281249,0.9969921875000001,45643.1,1024.0,137.8495996566313,21.085057874746145,0.1841261006694568,0.1629605982996422,0.4814783779752057,0.366015625,0.0,0.001095913656567741,0.0010723178158950678
0.5,0.5,3,-1,7,20,1610.0,20,0,0.95317138671875,0.9991113281249999,43484.35,43484.35,2462.713482838752,215.03541061839414,0.1841261006694568,0.1841261006694567,0.4021020581753466,0.027517654155980502,0.0,0.007758695268467923,0.011449655700891535
0.5,0.5,3,-1,8,20,3040.0,20,0,0.8997084960937499,0.998994140625,41704.1,41704.1,6308.3450323953475,1036.7540263235853,0.1841261006694568,0.1841261006694567,1.0,0.505750015525166,0.005260007220150392,0.0340692069734507,0.029854403963532044
0.5,1.0,0,-1,7,20,940.0,20,0,0.9751330566406249,0.999296875,42803.6,42803.6,3929.248386475735,634.8308531601302,0.9122637968503422,0.4316118878985259,0.4187306278894046,0.0,0.0,,
0.5,1.0,0,-1,8,20,2380.0,20,0,0.9254941406249999,0.9987597656249999,42749.9,42749.9,22240.60814321809,31363.36672097569,65.38121231456324,2.340004355868543,128.9543446698651,0.0,0.0,,
0.5,1.0,1,-1,7,20,1230.0,20,0,0.9642834472656251,0.9992578125,43139.7,43139.7,3748.7350374988027,444.83542468575536,0.1841261006694568,0.1841261006694567,0.4194219946403208,0.1179951755726284,0.0,0.008032590767973073,0.012432170272493336
0.5,1.0,1,-1,8,20,3050.0,20,0,0.8995139160156249,0.9990820312500001,41768.2,41768.2,7362.076839191231,1323.8488968472848,0.1841261006694568,0.1841261006694567,2.7004854775476987,0.8669677122657881,0.0,0.03316511638906188,0.029127193151125764
0.5,1.0,2,-1,7,20,1230.0,20,0,0.9642834472656251,0.9992578125,43139.7,43139.7,3748.7347926791067,444.83539125172393,0.1841261006694568,0.1841261006694567,0.4194219946403208,0.1179951755726284,4.603391634064472e-06,0.008032590767973073,0.012432170272493336
0.5,1.0,2,-1,8,20,3040.0,20,0,0.8996083984375,0.9992480468749999,41883.5,41883.5,7268.127758096179,1292.8971289456085,0.1841261006694569,0.1841261006694567,0.62,0.8625090520113374,0.08932803152992748,0.03330262498176566,0.02920509283467932
0.5,1.0,2,1024,7,20,1450.0,20,0,0.9584208984375,0.997138671875,49164.9,1024.0,128.95025682171715,18.70977139858608,0.1841261006694568,0.12632931003352718,0.4189316865280922,0.27724609375,0.0,0.0004948128264763346,0.0005764861151941584
0.5,1.0,2,1024,8,20,3090.0,20,0,0.89868505859375,0.99783203125,44349.3,1024.0,173.82296180946878,30.180753167047452,0.1841261006694568,0.18412610066945662,0.6192757348339336,0.707861328125,9.765625e-05,0.0011349041207360335,0.0011042145376727298
0.5,1.0,3,-1,7,20,1230.0,20,0,0.9642834472656251,0.9992578125,43139.7,43139.7,3748.7350374988027,444.83542468575536,0.1841261006694568,0.1841261006694567,0.4194219946403208,0.1179951755726284,0.0,0.008032590767973073,0.012432170272493336
0.5,1.0,3,-1,8,20,3050.0,20,0,0.899502197265625,0.998876953125,41692.55,41692.55,7328.625281959115,1315.526411158277,0.1841261006694569,0.1841261006694567,1.0,0.8683324287632403,0.013418063875553003,0.033254446284803604,0.029221663482932193
0.65,0.25,0,-1,7,20,2030.0,20,0,0.9698142089843751,0.99912109375,51582.4,51582.4,1678.900278156177,87.20075914514346,0.2316566054361361,0.1172949335061166,0.4162518153568036,0.0,0.0,,
0.65,0.25,0,-1,8,20,2810.0,20,0,0.917811767578125,0.998740234375,48744.8,48744.8,3795.59295152091,389.3816735839109,0.3150956436164598,0.18829636589087045,1.2003900670380148,0.0,0.0,,
0.65,0.25,1,-1,7,20,2030.0,20,0,0.96977783203125,0.9989453125000001,51498.6,51498.6,1676.6842296222705,87.15789811523402,0.1841261006694567,0.11736252041466191,0.4162518153568036,6.695851477548509e-05,0.0,0.006222967414178941,0.009554402670098393
0.65,0.25,1,-1,8,20,2810.0,20,0,0.91803515625,0.9988378906250001,48628.75,48628.75,3757.797904958429,381.1770225326191,0.1841261006694569,0.18328337579234444,0.9661896018399168,0.011940912659084105,0.0,0.027329572564171158,0.024103258603044988
0.65,0.25,2,-1,7,20,2030.0,20,0,0.96977783203125,0.9989453125000001,51498.6,51498.6,1676.6842296222705,87.15789811523402,0.1841261006694567,0.11736252041466191,0.4162518153568036,6.695851477548509e-05,0.0,0.006222967414178941,0.009554402670098393
0.65,0.25,2,-1,8,20,2810.0,20,0,0.91803857421875,0.9988574218749999,48609.85,48609.85,3745.8600836611977,378.8949774276217,0.1841261006694569,0.18332136042908811,0.62,0.011641819586500925,0.0006560427329611897,0.027353777603002744,0.024124975769432705
0.65,0.25,2,1024,7,20,20000.0,0,0,0.688744140625,0.7201953125,95998.95,1024.0,29.373128055193984,0.9001066851063498,0.0914433271003456,0.02006892883343188,0.3298517191439661,0.0,0.0,8.567757416047222e-05,0.00010562947436849911
0.65,0.25,2,1024,8,20,20000.0,0,0,0.723612060546875,0.81130859375,82509.4,1024.0,45.66589929517695,2.7186605203872776,0.1472018348489873,0.02801523265702119,0.3241088100983523,0.0,0.0,0.0003352378876455433,0.00034026159952863313
0.65,0.25,3,-1,7,20,2030.0,20,0,0.96977783203125,0.9989453125000001,51498.6,51498.6,1676.6842296222705,87.15789811523402,0.1841261006694567,0.11736252041466191,0.4162518153568036,6.695851477548509e-05,0.0,0.006222967414178941,0.009554402670098393
0.65,0.25,3,-1,8,20,2810.0,20,0,0.91803515625,0.9988378906250001,48628.75,48628.75,3757.797904958429,381.1770225326191,0.1841261006694569,0.18328337579234444,0.9661896018399168,0.011940912659084105,0.0,0.027329572564171158,0.024103258603044988
0.65,0.5,0,-1,7,20,1160.0,20,0,0.979414794921875,0.9991015624999999,47808.8,47808.8,2392.9934585684314,211.44696976900295,0.4714393883835894,0.21792634652761306,0.41992567497492,0.0,0.0,,
0.65,0.5,0,-1,8,20,1970.0,20,0,0.9439580078124999,0.9990429687500001,47948.45,47948.45,7538.871365667177,1642.8707544136687,2.039595043008792,0.4215421231663627,7.707940033285965,0.0,0.0,,
0.65,0.5,1,-1,7,20,1180.0,20,0,0.979050537109375,0.999267578125,48012.75,48012.75,2378.9627677427115,197.2232857152088,0.1841261006694568,0.1841261006694567,0.4199790084176177,0.021916152863883175,0.0,0.006479730479221178,0.009572264172695176
0.65,0.5,1,-1,8,20,1980.0,20,0,0.9420832519531249,0.9990820312500001,47588.25,47588.25,6213.540040972919,968.9915379470224,0.1841261006694569,0.1841261006694567,1.8523727911957268,0.3791257806311284,0.0,0.02789446952097621,0.024172635685275126
0.65,0.5,2,-1,7,20,1180.0,20,0,0.979050537109375,0.999267578125,48012.75,48012.75,2378.9622105489843,197.2232479524061,0.1841261006694568,0.1841261006694567,0.4199790084176177,0.021916152863883175,1.4568460255009479e-05,0.006479730479221178,0.009572264172695176
0.65,0.5,2,-1,8,20,1990.0,20,0,0.9421306152343749,0.9991015624999999,47584.45,47584.45,6162.205674624323,956.3484318901312,0.1841261006694569,0.1841261006694567,0.62,0.3767486959549616,0.023771217595433117,0.02786089073203213,0.024152313957444636
0.65,0.5,2,1024,7,20,20000.0,0,0,0.72157275390625,0.7576171875,99197.55,1024.0,53.01888799536535,3.090894342425221,0.1650701880719718,0.021018746886183833,0.4039761421719682,0.0,0.0,8.289227621584634e-05,9.935451537781213e-05
0.65,0.5,2,1024,8,20,11110.0,14,0,0.886352783203125,0.9562109375000001,72878.5,1024.0,85.52520649865566,9.42606516663688,0.1841261006694568,0.05645364066335547,0.4061808519866417,0.100634765625,0.0,0.00037846589360146564,0.0003838005449015037
0.65,0.5,3,-1,7,20,1180.0,20,0,0.979050537109375,0.999267578125,48012.75,48012.75,2378.9627677427115,197.2232857152088,0.1841261006694568,0.1841261006694567,0.4199790084176177,0.021916152863883175,0.0,0.006479730479221178,0.009572264172695176
0.65,0.5,3,-1,8,20,1980.0,20,0,0.9420900878906251,0.998984375,47586.1,47586.1,6219.2345771416585,970.3234589894394,0.1841261006694569,0.1841261006694567,1.0,0.38118444521131684,0.002296121484271497,0.027914711462660946,0.024210090738659353
0.65,1.0,0,-1,7,20,630.0,20,0,0.986197509765625,0.99923828125,45463.35,45463.35,3694.4433252301546,569.0027923417019,0.8816476024517087,0.4085312408425178,0.4199998312715053,0.0,0.0,,
0.65,1.0,0,-1,8,20,1460.0,20,0,0.9601572265625,0.99873046875,48067.5,48067.5,19374.351325594984,16609.576721332258,38.34448408785538,1.716244651753303,85.74237423840317,0.0,0.0,,
0.65,1.0,1,-1,7,20,1000.0,20,0,0.98185693359375,0.9992480468749999,47024.95,47024.95,3593.3975296445883,408.6797383535648,0.1841261006694568,0.1841261006694567,0.41999999835454,0.09430582390731569,0.0,0.006765559907051197,0.010401579719578053
0.65,1.0,1,-1,8,20,1940.0,20,0,0.945677001953125,0.998876953125,47601.35,47601.35,7598.953411795334,1326.9272766997865,0.1841261006694569,0.1841261006694567,2.3903805429141394,0.7233611361815848,0.0,0.02671406603363861,0.023192602599362212
0.65,1.0,2,-1,7,20,1000.0,20,0,0.98185693359375,0.9992480468749999,47024.95,47024.95,3593.325146988888,408.6740625775515,0.1841261006694568,0.1841261006694567,0.41999999835454,0.09430688188446337,0.000540495211174524,0.006765559907051197,0.010401579719578053
0.65,1.0,2,-1,8,20,1890.0,20,0,0.945968994140625,0.9989355468750001,47612.15,47612.15,7491.5636176435,1295.456096802009,0.1841261006694568,0.1841261006694567,0.62,0.7208337954991562,0.06943423775217746,0.026750767021389205,0.023237491899219385
0.65,1.0,2,1024,7,20,20000.0,0,0,0.8003632812499999,0.8415332031249999,108129.65,1024.0,89.19342932791567,9.575699098988398,0.1841261006694567,0.0005410809159687297,0.4195840521468,0.030712890625,0.0,7.654842793874184e-05,8.79339828872607e-05
0.65,1.0,2,1024,8,20,9080.0,14,0,0.905161376953125,0.9664453125,68549.8,1024.0,125.16290871305068,18.522493743739975,0.1841261006694568,0.09906229051912874,0.5802611068144035,0.271728515625,0.000927734375,0.0003893254783803414,0.0003923744799016012
0.65,1.0,3,-1,7,20,1000.0,20,0,0.98185693359375,0.9992480468749999,47024.95,47024.95,3593.3975296445883,408.6797383535648,0.1841261006694568,0.1841261006694567,0.41999999835454,0.09430582390731569,0.0,0.006765559907051197,0.010401579719578053
0.65,1.0,3,-1,8,20,1940.0,20,0,0.9457138671875001,0.9989453125000001,47664.15,47664.15,7584.911869567254,1321.9692924748217,0.1841261006694568,0.1841261006694567,1.0,0.7250744668407332,0.01198856582518758,0.026715825016048727,0.02320081292879849
