stage,bins,setting,budget,intervention,child_eta,method,n,reached,capped_time,extinctions,final_occupancy,auc,quota_used,used,births,sum_norm,sum_sq,contrast_sq,skips,cap_time,intervened_births
development,4,baseline,0,0,0.2,none,2,0,20000.0,2,0.0,0.0207080078125,0,0.0,1753.0,0.0,0.0,0.0,0,-1.0,0.0
development,4,baseline,512,0,0.2,aligned,2,2,1000.0,0,0.99912109375,0.97288330078125,2,512.0,53478.0,94.27256354276265,17.35803952524226,12.20698795058394,0,278.0,0.0
development,4,baseline,512,0,0.2,state_rotated,2,2,1800.0,0,0.99755859375,0.94725341796875,2,512.0,49956.5,94.27256354276265,17.35803952524226,12.731867639999376,0,460.5,0.0
development,4,baseline,1024,0,0.2,aligned,2,2,1000.0,0,0.99833984375,0.97485595703125,2,1024.0,50632.5,188.54512708552588,34.716079050485185,23.791695418267476,0,497.0,0.0
development,4,baseline,1024,0,0.2,state_rotated,2,2,1500.0,0,0.999609375,0.9545849609375,2,1024.0,45863.0,188.54512708552588,34.716079050485185,25.92385787991163,0,856.0,0.0
development,8,baseline,0,0,0.2,none,4,0,20000.0,4,0.0,0.016782226562500002,0,0.0,1197.0,0.0,0.0,0.0,0,-1.0,0.0
development,8,baseline,512,0,0.2,aligned,2,2,2100.0,0,0.98974609375,0.9326318359375,2,512.0,60188.0,94.27256354276265,17.35803952524226,11.937156984764194,0,438.0,0.0
development,8,baseline,512,0,0.2,state_rotated,2,2,3000.0,0,0.99482421875,0.90142333984375,2,512.0,50429.0,94.27256354276265,17.35803952524226,12.234771624792128,0,703.0,0.0
development,8,baseline,512,1,0.0,aligned,2,2,1400.0,0,0.99833984375,0.958056640625,2,512.0,44224.5,94.27256354276265,17.35803952524226,11.937156984764194,0,438.0,43713.5
development,8,baseline,512,1,0.0,state_rotated,2,2,2900.0,0,0.9837890625,0.88875244140625,2,512.0,43702.0,94.27256354276265,17.35803952524226,12.234771624792128,0,703.0,43191.0
development,8,baseline,512,1,0.2,aligned,2,2,2100.0,0,0.98974609375,0.9326318359375,2,512.0,60188.0,94.27256354276265,17.35803952524226,11.937156984764194,0,438.0,59677.0
development,8,baseline,512,1,0.2,state_rotated,2,2,3000.0,0,0.99482421875,0.90142333984375,2,512.0,50429.0,94.27256354276265,17.35803952524226,12.234771624792128,0,703.0,49918.0
development,8,baseline,512,1,0.8,aligned,2,2,1200.0,0,0.99794921875,0.9653173828125,2,512.0,42391.0,94.27256354276265,17.35803952524226,11.937156984764194,0,438.0,41880.0
development,8,baseline,512,1,0.8,state_rotated,2,2,2000.0,0,0.99892578125,0.9410498046875,2,512.0,41209.0,94.27256354276265,17.35803952524226,12.234771624792128,0,703.0,40698.0
development,8,baseline,512,2,0.0,aligned,2,0,20000.0,2,0.0,0.0091845703125,2,512.0,857.0,94.27256354276265,17.35803952524226,11.937156984764194,0,438.0,346.0
development,8,baseline,512,2,0.0,state_rotated,2,0,20000.0,2,0.0,0.009873046875,2,512.0,792.0,94.27256354276265,17.35803952524226,12.234771624792128,0,703.0,281.0
development,8,baseline,512,2,0.2,aligned,2,0,20000.0,0,0.9017578125,0.647158203125,2,512.0,49643.5,94.27256354276265,17.35803952524226,11.937156984764194,0,438.0,49132.5
development,8,baseline,512,2,0.2,state_rotated,2,1,19400.0,0,0.9427734375000001,0.63762939453125,2,512.0,42224.0,94.27256354276265,17.35803952524226,12.234771624792128,0,703.0,41713.0
development,8,baseline,512,2,0.8,aligned,2,2,1600.0,0,0.9982421875,0.95446533203125,2,512.0,42163.5,94.27256354276265,17.35803952524226,11.937156984764194,0,438.0,41652.5
development,8,baseline,512,2,0.8,state_rotated,2,2,2100.0,0,0.99638671875,0.9362353515625,2,512.0,41387.0,94.27256354276265,17.35803952524226,12.234771624792128,0,703.0,40876.0
development,8,baseline,1024,0,0.2,aligned,4,4,1500.0,0,0.996875,0.95918212890625,4,1024.0,47557.0,188.54512708552588,34.716079050485185,23.445954805528448,0,754.5,0.0
development,8,baseline,1024,0,0.2,state_rotated,4,4,2700.0,0,0.9982421875,0.9151440429687501,4,1024.0,46204.5,188.54512708552588,34.716079050485185,25.080454322703915,0,1374.5,0.0
development,8,high_child_energy,0,0,0.2,none,2,0,20000.0,2,0.0,0.0141015625,0,0.0,1572.0,0.0,0.0,0.0,0,-1.0,0.0
development,8,high_child_energy,1024,0,0.2,aligned,2,0,20000.0,0,0.8708984375,0.83028076171875,2,1024.0,98817.5,188.54512708552588,34.716079050485185,23.717904695170805,0,149.0,0.0
development,8,high_child_energy,1024,0,0.2,state_rotated,2,2,4000.0,0,0.98017578125,0.90689453125,2,1024.0,59225.0,188.54512708552588,34.716079050485185,24.973496421643432,0,932.0,0.0
development,8,high_death,0,0,0.2,none,2,0,20000.0,2,0.0,0.00169921875,0,0.0,237.0,0.0,0.0,0.0,0,-1.0,0.0
development,8,high_death,1024,0,0.2,aligned,2,0,20000.0,2,0.0,0.0017041015625,0,259.0,259.0,47.68866007338942,8.780727025464392,6.2219273351111495,0,-1.0,0.0
development,8,high_death,1024,0,0.2,state_rotated,2,0,20000.0,2,0.0,0.0016552734374999998,0,229.0,229.0,42.16487705330564,7.763654397032237,5.562390932575257,0,-1.0,0.0
development,8,low_child_energy,0,0,0.2,none,2,0,20000.0,2,0.0,0.028359375,0,0.0,2103.0,0.0,0.0,0.0,0,-1.0,0.0
development,8,low_child_energy,1024,0,0.2,aligned,2,2,1500.0,0,0.99609375,0.95217529296875,2,1024.0,56929.0,188.54512708552588,34.716079050485185,23.423330389222855,0,856.0,0.0
development,8,low_child_energy,1024,0,0.2,state_rotated,2,2,2900.0,0,0.99609375,0.9094189453125,2,1024.0,57478.5,188.54512708552588,34.716079050485185,25.016241829976046,0,1247.0,0.0
development,8,low_death,0,0,0.2,none,2,2,3300.0,0,0.9989257812500001,0.9272412109375,0,0.0,26642.0,0.0,0.0,0.0,0,-1.0,0.0
development,8,low_death,1024,0,0.2,aligned,2,2,1000.0,0,0.9998046875,0.97649169921875,2,1024.0,14737.0,188.54512708552588,34.716079050485185,23.440534019337036,0,591.0,0.0
development,8,low_death,1024,0,0.2,state_rotated,2,2,1700.0,0,0.9998046875,0.95978271484375,2,1024.0,15856.0,188.54512708552588,34.716079050485185,24.617417506416114,0,865.0,0.0
development,8,no_birth_bonus,0,0,0.2,none,2,0,20000.0,2,0.0,0.013735351562500001,0,0.0,964.5,0.0,0.0,0.0,0,-1.0,0.0
development,8,no_birth_bonus,1024,0,0.2,aligned,2,2,2100.0,0,0.99052734375,0.9309423828125,2,1024.0,44186.5,188.54512708552588,34.716079050485185,23.142343893550418,0,1092.0,0.0
development,8,no_birth_bonus,1024,0,0.2,state_rotated,2,2,3300.0,0,0.9984375,0.8923510742187499,2,1024.0,44396.0,188.54512708552588,34.716079050485185,25.106055897165277,0,1678.0,0.0
mechanism,8,baseline,512,1,0.0,aligned,20,20,1390.0,0,0.9987597656249999,0.9588559570312499,20,512.0,43270.65,94.27256354276265,17.35803952524226,11.947158611289911,0,428.05,42759.65
mechanism,8,baseline,512,1,0.0,state_rotated,20,6,15540.0,10,0.4776953125,0.37866064453125003,20,512.0,21011.1,94.27256354276265,17.35803952524226,12.313462683254368,0,760.65,20500.1
mechanism,8,baseline,512,1,0.2,aligned,20,20,2480.0,0,0.9925976562500001,0.933969970703125,20,512.0,56807.0,94.27256354276265,17.35803952524226,11.947158611289911,0,428.05,56296.0
mechanism,8,baseline,512,1,0.2,state_rotated,20,18,6450.0,0,0.9808203125,0.827468505859375,20,512.0,51009.0,94.27256354276265,17.35803952524226,12.313462683254368,0,760.65,50498.0
mechanism,8,baseline,512,1,0.8,aligned,20,20,1210.0,0,0.998564453125,0.9656987304687499,20,512.0,42267.95,94.27256354276265,17.35803952524226,11.947158611289911,0,428.05,41756.95
mechanism,8,baseline,512,1,0.8,state_rotated,20,20,2090.0,0,0.9982128906250001,0.934411865234375,20,512.0,41082.85,94.27256354276265,17.35803952524226,12.313462683254368,0,760.65,40571.85
mechanism,8,baseline,512,2,0.0,aligned,20,0,20000.0,20,0.0,0.0091123046875,20,512.0,859.15,94.27256354276265,17.35803952524226,11.947158611289911,0,428.05,348.15
mechanism,8,baseline,512,2,0.0,state_rotated,20,0,20000.0,20,0.0,0.009014160156250001,20,512.0,731.5,94.27256354276265,17.35803952524226,12.313462683254368,0,760.65,220.5
mechanism,8,baseline,512,2,0.2,aligned,20,6,18280.0,0,0.928671875,0.702290283203125,20,512.0,49313.05,94.27256354276265,17.35803952524226,11.947158611289911,0,428.05,48802.05
mechanism,8,baseline,512,2,0.2,state_rotated,20,5,17900.0,0,0.9138671875,0.648663330078125,20,512.0,44205.4,94.27256354276265,17.35803952524226,12.313462683254368,0,760.65,43694.4
mechanism,8,baseline,512,2,0.8,aligned,20,20,1610.0,0,0.996826171875,0.9548464355468751,20,512.0,42174.15,94.27256354276265,17.35803952524226,11.947158611289911,0,428.05,41663.15
mechanism,8,baseline,512,2,0.8,state_rotated,20,20,2240.0,0,0.997041015625,0.929231201171875,20,512.0,41091.65,94.27256354276265,17.35803952524226,12.313462683254368,0,760.65,40580.65
representation,4,baseline,0,0,0.2,none,20,0,20000.0,20,0.0,0.015328857421875,0,0.0,1307.95,0.0,0.0,0.0,0,-1.0,0.0
representation,4,baseline,512,0,0.2,aligned,20,20,1180.0,0,0.9987207031249999,0.970750244140625,20,512.0,54515.3,94.27256354276265,17.35803952524226,12.244598652014396,0,279.75,0.0
representation,4,baseline,512,0,0.2,state_rotated,20,20,1960.0,0,0.99783203125,0.9433359375,20,512.0,50173.95,94.27256354276265,17.35803952524226,12.770196429915753,0,459.15,0.0
representation,4,baseline,1024,0,0.2,aligned,20,20,1020.0,0,0.9990429687500001,0.9744777832031251,20,1024.0,50608.35,188.54512708552588,34.716079050485185,23.784023300753482,0,506.4,0.0
representation,4,baseline,1024,0,0.2,state_rotated,20,20,1600.0,0,0.999228515625,0.9525502929687499,20,1024.0,46239.6,188.54512708552588,34.716079050485185,25.97481908262838,0,871.6,0.0
representation,8,baseline,0,0,0.2,none,20,0,20000.0,20,0.0,0.012996337890625001,0,0.0,957.45,0.0,0.0,0.0,0,-1.0,0.0
representation,8,baseline,512,0,0.2,aligned,20,20,2810.0,0,0.9905859375,0.931604736328125,20,512.0,57991.65,94.27256354276265,17.35803952524226,11.933774475525901,0,405.0,0.0
representation,8,baseline,512,0,0.2,state_rotated,20,17,7670.0,1,0.925791015625,0.789413330078125,20,512.0,49670.1,94.27256354276265,17.35803952524226,12.273085513420114,0,729.55,0.0
representation,8,baseline,1024,0,0.2,aligned,20,20,1440.0,0,0.998095703125,0.960124755859375,20,1024.0,48167.85,188.54512708552588,34.716079050485185,23.468888157377283,0,716.0,0.0
representation,8,baseline,1024,0,0.2,state_rotated,20,20,3090.0,0,0.9974316406250001,0.9002578124999999,20,1024.0,45029.2,188.54512708552588,34.716079050485185,25.202249856107507,0,1526.55,0.0
robustness,8,baseline,0,0,0.2,none,20,0,20000.0,20,0.0,0.013396484375,0,0.0,973.8,0.0,0.0,0.0,0,-1.0,0.0
robustness,8,baseline,1024,0,0.2,aligned,20,20,1460.0,0,0.998056640625,0.9596953125000001,20,1024.0,48367.25,188.54512708552588,34.716079050485185,23.486821274734297,0,724.15,0.0
robustness,8,baseline,1024,0,0.2,state_rotated,20,20,3190.0,0,0.9976757812500001,0.8949240722656251,20,1024.0,44912.0,188.54512708552588,34.716079050485185,25.26845234901992,0,1631.8,0.0
robustness,8,high_child_energy,0,0,0.2,none,20,0,20000.0,20,0.0,0.015184570312500001,0,0.0,1717.55,0.0,0.0,0.0,0,-1.0,0.0
robustness,8,high_child_energy,1024,0,0.2,aligned,20,0,20000.0,0,0.8525,0.81370849609375,20,1024.0,109608.85,188.54512708552588,34.716079050485185,23.74771825672626,0,141.2,0.0
robustness,8,high_child_energy,1024,0,0.2,state_rotated,20,18,5290.0,0,0.97970703125,0.9081152343750001,20,1024.0,65388.65,188.54512708552588,34.716079050485185,24.88874856012031,0,941.7,0.0
robustness,8,high_death,0,0,0.2,none,20,0,20000.0,20,0.0,0.00166552734375,0,0.0,224.6,0.0,0.0,0.0,0,-1.0,0.0
robustness,8,high_death,1024,0,0.2,aligned,20,0,20000.0,20,0.0,0.0018378906250000001,0,275.8,275.8,50.78197856463634,9.350287697386396,6.602211105144809,0,-1.0,0.0
robustness,8,high_death,1024,0,0.2,state_rotated,20,0,20000.0,20,0.0,0.0016845703125,0,225.2,225.2,41.46519787076169,7.634825197430824,5.481057895189544,0,-1.0,0.0
robustness,8,low_child_energy,0,0,0.2,none,20,0,20000.0,18,0.0009472656250000001,0.029513671875,0,0.0,2187.7,0.0,0.0,0.0,0,-1.0,0.0
robustness,8,low_child_energy,1024,0,0.2,aligned,20,20,1530.0,0,0.9965624999999999,0.95334619140625,20,1024.0,55715.55,188.54512708552588,34.716079050485185,23.47676184500393,0,848.7,0.0
robustness,8,low_child_energy,1024,0,0.2,state_rotated,20,20,3160.0,0,0.9928613281249999,0.90258056640625,20,1024.0,57633.5,188.54512708552588,34.716079050485185,25.11254441699753,0,1334.45,0.0
robustness,8,low_death,0,0,0.2,none,20,20,3340.0,0,0.998193359375,0.9275673828125001,0,0.0,26366.95,0.0,0.0,0.0,0,-1.0,0.0
robustness,8,low_death,1024,0,0.2,aligned,20,20,1000.0,0,0.99982421875,0.977568603515625,20,1024.0,15065.05,188.54512708552588,34.716079050485185,23.45498284106408,0,566.0,0.0
robustness,8,low_death,1024,0,0.2,state_rotated,20,20,1730.0,0,0.999755859375,0.95875927734375,20,1024.0,15668.5,188.54512708552588,34.716079050485185,24.725374299951618,0,888.05,0.0
robustness,8,no_birth_bonus,0,0,0.2,none,20,0,20000.0,20,0.0,0.011725585937500001,0,0.0,823.85,0.0,0.0,0.0,0,-1.0,0.0
robustness,8,no_birth_bonus,1024,0,0.2,aligned,20,20,2160.0,0,0.9917773437499999,0.93140234375,20,1024.0,44129.55,188.54512708552588,34.716079050485185,23.168255540598903,0,1086.9,0.0
robustness,8,no_birth_bonus,1024,0,0.2,state_rotated,20,20,3560.0,0,0.996611328125,0.880562744140625,20,1024.0,43838.6,188.54512708552588,34.716079050485185,25.136803451908293,0,1806.6,0.0
