kind,stage,bins,setting,budget,intervention,child_eta,metric,n,effect,low,high,positive,negative,method
direction_advantage,mechanism,8.0,baseline,512.0,1.0,0.0,capped0.95,20,14150.0,10960.0,17050.0,20,0,
direction_advantage,mechanism,8.0,baseline,512.0,1.0,0.0,auc,20,0.5801953125,0.4139894226074219,0.7450298583984374,20,0,
direction_advantage,mechanism,8.0,baseline,512.0,1.0,0.0,final_occupancy,20,0.521064453125,0.3240700683593751,0.7155795898437495,20,0,
direction_advantage,mechanism,8.0,baseline,512.0,1.0,0.0,reached0.95,20,0.7,0.5,0.9,14,0,
direction_advantage,mechanism,8.0,baseline,512.0,1.0,0.2,capped0.95,20,3970.0,2350.0,6160.0,20,0,
direction_advantage,mechanism,8.0,baseline,512.0,1.0,0.2,auc,20,0.10650146484375003,0.08973167724609375,0.12761976928710933,20,0,
direction_advantage,mechanism,8.0,baseline,512.0,1.0,0.2,final_occupancy,20,0.011777343749999997,0.0034179687499999944,0.021845703124999994,14,5,
direction_advantage,mechanism,8.0,baseline,512.0,1.0,0.2,reached0.95,20,0.1,0.0,0.25,2,0,
direction_advantage,mechanism,8.0,baseline,512.0,1.0,0.8,capped0.95,20,880.0,790.0,970.0,20,0,
direction_advantage,mechanism,8.0,baseline,512.0,1.0,0.8,auc,20,0.03128686523437499,0.027922564697265614,0.03462655029296874,20,0,
direction_advantage,mechanism,8.0,baseline,512.0,1.0,0.8,final_occupancy,20,0.0003515624999999911,-5.859375000000777e-05,0.0007812499999999889,12,8,
direction_advantage,mechanism,8.0,baseline,512.0,1.0,0.8,reached0.95,20,0.0,0.0,0.0,0,0,
direction_advantage,mechanism,8.0,baseline,512.0,2.0,0.0,capped0.95,20,0.0,0.0,0.0,0,0,
direction_advantage,mechanism,8.0,baseline,512.0,2.0,0.0,auc,20,9.81445312499999e-05,-0.00017578124999999989,0.0003623046874999997,13,7,
direction_advantage,mechanism,8.0,baseline,512.0,2.0,0.0,final_occupancy,20,0.0,0.0,0.0,0,0,
direction_advantage,mechanism,8.0,baseline,512.0,2.0,0.0,reached0.95,20,0.0,0.0,0.0,0,0,
direction_advantage,mechanism,8.0,baseline,512.0,2.0,0.2,capped0.95,20,-380.0,-2940.0,2020.0,4,5,
direction_advantage,mechanism,8.0,baseline,512.0,2.0,0.2,auc,20,0.053626953125,0.0023636840820312594,0.11476614379882812,12,8,
direction_advantage,mechanism,8.0,baseline,512.0,2.0,0.2,final_occupancy,20,0.014804687499999991,-0.014492675781250002,0.05313476562499999,12,8,
direction_advantage,mechanism,8.0,baseline,512.0,2.0,0.2,reached0.95,20,0.05,-0.2,0.3,4,3,
direction_advantage,mechanism,8.0,baseline,512.0,2.0,0.8,capped0.95,20,630.0,530.0,730.0,20,0,
direction_advantage,mechanism,8.0,baseline,512.0,2.0,0.8,auc,20,0.025615234375,0.022152325439453134,0.029108953857421883,20,0,
direction_advantage,mechanism,8.0,baseline,512.0,2.0,0.8,final_occupancy,20,-0.0002148437499999989,-0.0008789062500000056,0.000429931640625003,10,8,
direction_advantage,mechanism,8.0,baseline,512.0,2.0,0.8,reached0.95,20,0.0,0.0,0.0,0,0,
direction_advantage,representation,4.0,baseline,512.0,0.0,0.2,capped0.95,20,780.0,630.0,940.0,20,0,
direction_advantage,representation,4.0,baseline,512.0,0.0,0.2,auc,20,0.027414306640625018,0.022655749511718767,0.03296586303710939,20,0,
direction_advantage,representation,4.0,baseline,512.0,0.0,0.2,final_occupancy,20,0.0008886718750000077,0.0003613281249999989,0.001464843750000011,14,6,
direction_advantage,representation,4.0,baseline,512.0,0.0,0.2,reached0.95,20,0.0,0.0,0.0,0,0,
direction_advantage,representation,4.0,baseline,1024.0,0.0,0.2,capped0.95,20,580.0,500.0,660.0,20,0,
direction_advantage,representation,4.0,baseline,1024.0,0.0,0.2,auc,20,0.021927490234374993,0.01930735473632812,0.02443043823242187,20,0,
direction_advantage,representation,4.0,baseline,1024.0,0.0,0.2,final_occupancy,20,-0.00018554687499998667,-0.0004199218749999789,6.83593749999989e-05,4,13,
direction_advantage,representation,4.0,baseline,1024.0,0.0,0.2,reached0.95,20,0.0,0.0,0.0,0,0,
direction_advantage,representation,8.0,baseline,512.0,0.0,0.2,capped0.95,20,4860.0,2600.0,7550.0,19,1,
direction_advantage,representation,8.0,baseline,512.0,0.0,0.2,auc,20,0.14219140625,0.08299032592773439,0.23750621948242173,20,0,
direction_advantage,representation,8.0,baseline,512.0,0.0,0.2,final_occupancy,20,0.064794921875,0.009052734374999993,0.16694360351562496,14,6,
direction_advantage,representation,8.0,baseline,512.0,0.0,0.2,reached0.95,20,0.15,0.0,0.3,3,0,
direction_advantage,representation,8.0,baseline,1024.0,0.0,0.2,capped0.95,20,1650.0,1530.0,1770.0,20,0,
direction_advantage,representation,8.0,baseline,1024.0,0.0,0.2,auc,20,0.059866943359374994,0.055867431640625,0.06411609497070309,20,0,
direction_advantage,representation,8.0,baseline,1024.0,0.0,0.2,final_occupancy,20,0.0006640625000000122,3.9062500000025534e-05,0.0013378906250000044,13,7,
direction_advantage,representation,8.0,baseline,1024.0,0.0,0.2,reached0.95,20,0.0,0.0,0.0,0,0,
direction_advantage,robustness,8.0,baseline,1024.0,0.0,0.2,capped0.95,20,1730.0,1510.0,1960.0,20,0,
direction_advantage,robustness,8.0,baseline,1024.0,0.0,0.2,auc,20,0.064771240234375,0.05807639160156248,0.07213046264648436,20,0,
direction_advantage,robustness,8.0,baseline,1024.0,0.0,0.2,final_occupancy,20,0.0003808593749999978,-0.0002636718750000155,0.00101562500000002,12,6,
direction_advantage,robustness,8.0,baseline,1024.0,0.0,0.2,reached0.95,20,0.0,0.0,0.0,0,0,
direction_advantage,robustness,8.0,high_child_energy,1024.0,0.0,0.2,capped0.95,20,-14710.0,-16710.0,-12160.0,0,18,
direction_advantage,robustness,8.0,high_child_energy,1024.0,0.0,0.2,auc,20,-0.09440673828125001,-0.11083765869140627,-0.07602342529296878,0,20,
direction_advantage,robustness,8.0,high_child_energy,1024.0,0.0,0.2,final_occupancy,20,-0.12720703124999996,-0.14109399414062496,-0.11187475585937504,0,20,
direction_advantage,robustness,8.0,high_child_energy,1024.0,0.0,0.2,reached0.95,20,-0.9,-1.0,-0.75,0,18,
direction_advantage,robustness,8.0,high_death,1024.0,0.0,0.2,capped0.95,20,0.0,0.0,0.0,0,0,
direction_advantage,robustness,8.0,high_death,1024.0,0.0,0.2,auc,20,0.0001533203125,0.00010009765624999997,0.00020996093750000002,18,1,
direction_advantage,robustness,8.0,high_death,1024.0,0.0,0.2,final_occupancy,20,0.0,0.0,0.0,0,0,
direction_advantage,robustness,8.0,high_death,1024.0,0.0,0.2,reached0.95,20,0.0,0.0,0.0,0,0,
direction_advantage,robustness,8.0,low_child_energy,1024.0,0.0,0.2,capped0.95,20,1630.0,1460.0,1800.0,20,0,
direction_advantage,robustness,8.0,low_child_energy,1024.0,0.0,0.2,auc,20,0.050765625,0.04619962768554688,0.05551320190429687,20,0,
direction_advantage,robustness,8.0,low_child_energy,1024.0,0.0,0.2,final_occupancy,20,0.0037011718750000087,0.00143554687500001,0.006006103515624995,13,7,
direction_advantage,robustness,8.0,low_child_energy,1024.0,0.0,0.2,reached0.95,20,0.0,0.0,0.0,0,0,
direction_advantage,robustness,8.0,low_death,1024.0,0.0,0.2,capped0.95,20,730.0,680.0,780.0,20,0,
direction_advantage,robustness,8.0,low_death,1024.0,0.0,0.2,auc,20,0.01880932617187499,0.01765258178710937,0.020062750244140618,20,0,
direction_advantage,robustness,8.0,low_death,1024.0,0.0,0.2,final_occupancy,20,6.835937499999334e-05,-7.812500000001221e-05,0.00023437499999999224,7,5,
direction_advantage,robustness,8.0,low_death,1024.0,0.0,0.2,reached0.95,20,0.0,0.0,0.0,0,0,
direction_advantage,robustness,8.0,no_birth_bonus,1024.0,0.0,0.2,capped0.95,20,1400.0,1200.0,1620.0,20,0,
direction_advantage,robustness,8.0,no_birth_bonus,1024.0,0.0,0.2,auc,20,0.05083959960937501,0.04357089233398437,0.05824428100585934,20,0,
direction_advantage,robustness,8.0,no_birth_bonus,1024.0,0.0,0.2,final_occupancy,20,-0.004833984375,-0.006240234374999998,-0.0034472656250000124,1,19,
direction_advantage,robustness,8.0,no_birth_bonus,1024.0,0.0,0.2,reached0.95,20,0.0,0.0,0.0,0,0,
erasure_penalty,mechanism,,,,,0.0,capped0.95,20,18610.0,18570.0,18650.0,20,0,aligned
erasure_penalty,mechanism,,,,,0.0,auc,20,0.94974365234375,0.9486462402343749,0.95083642578125,20,0,aligned
erasure_penalty,mechanism,,,,,0.2,capped0.95,20,15800.0,14240.0,17070.0,20,0,aligned
erasure_penalty,mechanism,,,,,0.2,auc,20,0.2316796875,0.20864302978515623,0.25509345092773433,20,0,aligned
erasure_penalty,mechanism,,,,,0.8,capped0.95,20,400.0,360.0,440.0,20,0,aligned
erasure_penalty,mechanism,,,,,0.8,auc,20,0.010852294921874995,0.010270751953124995,0.011427001953124972,20,0,aligned
fast_learning_rescue_erased,mechanism,,,,,,capped0.95,20,16670.0,15170.0,17910.0,20,0,aligned
erasure_penalty_reduction_fast_learning,mechanism,,,,,,capped0.95,20,15400.0,13860.0,16680.0,20,0,aligned
fast_learning_rescue_erased,mechanism,,,,,,auc,20,0.25255615234374995,0.2287313049316406,0.27607872924804683,20,0,aligned
erasure_penalty_reduction_fast_learning,mechanism,,,,,,auc,20,0.220827392578125,0.19797507324218755,0.24416114501953126,20,0,aligned
erasure_penalty,mechanism,,,,,0.0,capped0.95,20,4460.0,1580.0,7610.0,6,0,state_rotated
erasure_penalty,mechanism,,,,,0.0,auc,20,0.369646484375,0.206327490234375,0.5340269470214841,20,0,state_rotated
erasure_penalty,mechanism,,,,,0.2,capped0.95,20,11450.0,8900.0,13700.249999999978,18,0,state_rotated
erasure_penalty,mechanism,,,,,0.2,auc,20,0.17880517578125002,0.13868035888671873,0.22877189331054684,20,0,state_rotated
erasure_penalty,mechanism,,,,,0.8,capped0.95,20,150.0,90.0,210.0,14,1,state_rotated
erasure_penalty,mechanism,,,,,0.8,auc,20,0.005180664062500007,0.003955316162109375,0.00646264648437499,19,1,state_rotated
fast_learning_rescue_erased,mechanism,,,,,,capped0.95,20,15660.0,13679.75,17300.0,20,0,state_rotated
erasure_penalty_reduction_fast_learning,mechanism,,,,,,capped0.95,20,11300.0,8720.0,13580.0,18,2,state_rotated
fast_learning_rescue_erased,mechanism,,,,,,auc,20,0.2805678710937499,0.23243156127929693,0.3372752258300781,20,0,state_rotated
erasure_penalty_reduction_fast_learning,mechanism,,,,,,auc,20,0.17362451171875,0.13372367553710937,0.22406172485351553,20,0,state_rotated
direction_advantage_reduction_erasure,mechanism,,,,,0.0,capped0.95,20,14150.0,10950.0,17060.0,20,0,
direction_advantage_reduction_erasure,mechanism,,,,,0.0,auc,20,0.5800971679687501,0.41620916137695313,0.7447567687988277,20,0,
direction_advantage_reduction_erasure,mechanism,,,,,0.2,capped0.95,20,4350.0,1499.7500000000002,7300.0,17,3,
direction_advantage_reduction_erasure,mechanism,,,,,0.2,auc,20,0.05287451171874998,-0.0010970397949218874,0.09822191772460931,17,3,
direction_advantage_reduction_erasure,mechanism,,,,,0.8,capped0.95,20,250.0,170.0,330.0,17,1,
direction_advantage_reduction_erasure,mechanism,,,,,0.8,auc,20,0.005671630859374987,0.004262683105468731,0.00711379394531249,20,0,
