fraction,cap,lam,metric,effect,low,high,positive,negative
0.5,-1,0.25,capped0.95,1550.0,1450.0,1650.0,20,0
0.5,-1,0.25,auc,0.0710400390625,0.06685570068359376,0.0751750732421875,20,0
0.5,-1,0.25,final_occupancy,0.0001757812500000011,-8.789062500000902e-05,0.00043945312500002777,10,5
0.5,-1,0.25,reached0.95,0.0,0.0,0.0,0,0
0.5,-1,0.5,capped0.95,1350.0,1250.0,1450.0,20,0
0.5,-1,0.5,auc,0.04855834960937501,0.04530637817382813,0.05194656982421876,20,0
0.5,-1,0.5,final_occupancy,4.8828124999994446e-05,-0.00018554687499999792,0.0002832031249999811,10,6
0.5,-1,0.5,reached0.95,0.0,0.0,0.0,0,0
0.5,-1,1.0,capped0.95,1400.0,1310.0,1490.0,20,0
0.5,-1,1.0,auc,0.048031982421875,0.04517281494140626,0.05114088134765625,20,0
0.5,-1,1.0,final_occupancy,0.0005761718750000033,0.00025390625000000223,0.0009082031250000177,15,4
0.5,-1,1.0,reached0.95,0.0,0.0,0.0,0,0
0.5,1024,0.25,capped0.95,-12890.0,-14250.0,-11330.0,0,20
0.5,1024,0.25,auc,0.014142333984374995,0.006144543457031246,0.022156518554687473,16,4
0.5,1024,0.25,final_occupancy,-0.039521484375,-0.0449609375,-0.034443359375,0,20
0.5,1024,0.25,reached0.95,-0.65,-0.85,-0.45,0,13
0.5,1024,0.5,capped0.95,870.0,740.0,1000.0,20,0
0.5,1024,0.5,auc,0.03273925781249999,0.02879415283203125,0.037128027343749974,20,0
0.5,1024,0.5,final_occupancy,-0.00758789062500001,-0.008603515625000013,-0.0066306152343750145,0,20
0.5,1024,0.5,reached0.95,0.0,0.0,0.0,0,0
0.5,1024,1.0,capped0.95,1240.0,1160.0,1330.0,20,0
0.5,1024,1.0,auc,0.04303588867187498,0.040006097412109365,0.04628248291015623,20,0
0.5,1024,1.0,final_occupancy,-0.0007714843749999922,-0.001220703124999989,-0.00032226562499999,4,15
0.5,1024,1.0,reached0.95,0.0,0.0,0.0,0,0
0.65,-1,0.25,capped0.95,670.0,560.0,790.0,20,0
0.65,-1,0.25,auc,0.053466796875,0.04960831909179688,0.05734205322265624,20,0
0.65,-1,0.25,final_occupancy,0.0001269531250000122,-6.83593749999989e-05,0.0003417968750000111,9,7
0.65,-1,0.25,reached0.95,0.0,0.0,0.0,0,0
0.65,-1,0.5,capped0.95,770.0,710.0,830.0,20,0
0.65,-1,0.5,auc,0.036722900390625014,0.03468160400390626,0.03880615844726564,20,0
0.65,-1,0.5,final_occupancy,0.00021484374999998225,9.76562499999653e-06,0.00041992187500000113,11,5
0.65,-1,0.5,reached0.95,0.0,0.0,0.0,0,0
0.65,-1,1.0,capped0.95,860.0,770.0,950.0,20,0
0.65,-1,1.0,auc,0.028468505859374982,0.026593743896484355,0.030452911376953107,20,0
0.65,-1,1.0,final_occupancy,0.00020507812500000777,-0.00012695312500001776,0.0005273437500000033,11,6
0.65,-1,1.0,reached0.95,0.0,0.0,0.0,0,0
0.65,1024,0.25,capped0.95,0.0,0.0,0.0,0,0
0.65,1024,0.25,auc,-0.047548339843749995,-0.07370880126953125,-0.017329541015625033,3,17
0.65,1024,0.25,final_occupancy,-0.100869140625,-0.129199462890625,-0.069902099609375,1,19
0.65,1024,0.25,reached0.95,0.0,0.0,0.0,0,0
0.65,1024,0.5,capped0.95,-11590.0,-14200.0,-8760.0,0,17
0.65,1024,0.5,auc,-0.161150390625,-0.17796754760742187,-0.14412825927734377,0,20
0.65,1024,0.5,final_occupancy,-0.18843749999999998,-0.20705078125000004,-0.17013623046875,0,20
0.65,1024,0.5,reached0.95,-0.85,-1.0,-0.7,0,17
0.65,1024,1.0,capped0.95,-16170.0,-17980.0,-13940.0,0,20
0.65,1024,1.0,auc,-0.086349609375,-0.1028542724609375,-0.06935203247070314,0,20
0.65,1024,1.0,final_occupancy,-0.09303710937500001,-0.11170922851562498,-0.07430615234375004,0,20
0.65,1024,1.0,reached0.95,-0.75,-0.9,-0.55,0,15
