stage,fraction,cap,lam,method,n,reached,capped_time,extinctions,auc,late,births,updates,quota_used,sum_norm,sum_sq,mean_nonzero_norm,max_write_norm
confirmation,0.5,-1,0.0,none,20,0,20000.0,20,0.012707763671875,0.0,925.85,0.0,0,0.0,0.0,,0.0
confirmation,0.5,-1,0.25,aligned,20,20,2490.0,0,0.926666259765625,0.999052734375,44648.05,44648.05,0,1682.8371510389047,93.15453684033582,0.03769110854155219,0.2147285519226432
confirmation,0.5,-1,0.25,state_rotated,20,20,4040.0,0,0.8556262207031249,0.998876953125,40779.55,40779.55,0,3862.5291316425364,434.2363749133022,0.09471889233388744,0.2909835038523047
confirmation,0.5,-1,0.5,aligned,20,20,1490.0,0,0.95666845703125,0.9991894531250001,43525.5,43525.5,0,2484.7137477108517,231.46807856302652,0.057087082267889534,0.4292924067305854
confirmation,0.5,-1,0.5,state_rotated,20,20,2840.0,0,0.908110107421875,0.9991406250000001,42127.15,42127.15,0,8049.693498398333,1922.5965429655964,0.19109836941839844,1.683937647953218
confirmation,0.5,-1,1.0,aligned,20,20,930.0,0,0.97542138671875,0.9992871093750001,42900.45,42900.45,0,3937.2155080435455,638.004956644868,0.09177591349156475,1.0240148351625251
confirmation,0.5,-1,1.0,state_rotated,20,20,2330.0,0,0.9273894042968751,0.9987109375,42893.85,42893.85,0,21954.9534754634,30586.546308679273,0.5119881585089779,113.83550909398876
confirmation,0.5,1024,0.25,aligned,20,7,17790.0,0,0.844421630859375,0.9482421875,57935.55,1024.0,20,60.044171638398254,4.60127305061042,0.058636886365623295,0.164148797676825
confirmation,0.5,1024,0.25,state_rotated,20,20,4900.0,0,0.8302792968749999,0.987763671875,49081.1,1024.0,20,81.07702651668191,7.813137260804285,0.07917678370769718,0.1849465733990264
confirmation,0.5,1024,0.5,aligned,20,20,2040.0,0,0.938572265625,0.9903124999999999,54104.6,1024.0,20,99.09879740018577,13.280843474110764,0.09677616933611892,0.3055055575848891
confirmation,0.5,1024,0.5,state_rotated,20,20,2910.0,0,0.9058330078125,0.997900390625,44579.15,1024.0,20,158.0888881839287,30.03088639347344,0.15438367986711787,0.3952373745962989
confirmation,0.5,1024,1.0,aligned,20,20,1000.0,0,0.973190673828125,0.99791015625,44618.3,1024.0,20,149.5657409443783,32.36630882293473,0.14606029389099442,0.5343110410818507
confirmation,0.5,1024,1.0,state_rotated,20,20,2240.0,0,0.9301547851562499,0.998681640625,42790.7,1024.0,20,311.4391481901836,122.73586702943476,0.30413979315447615,1.1794814079155067
confirmation,0.65,-1,0.0,none,20,0,20000.0,20,0.015168701171874998,0.0,1700.65,0.0,0,0.0,0.0,,0.0
confirmation,0.65,-1,0.25,aligned,20,20,2060.0,0,0.9700280761718749,0.99916015625,51520.5,51520.5,0,1673.1799945054368,86.75676855658129,0.032477081343247935,0.2200941062816591
confirmation,0.65,-1,0.25,state_rotated,20,20,2730.0,0,0.9165612792968749,0.999033203125,47811.85,47811.85,0,3747.922225697623,384.122701930359,0.07840569164816244,0.3302448004459136
confirmation,0.65,-1,0.5,aligned,20,20,1170.0,0,0.9795744628906251,0.9993261718750001,47735.9,47735.9,0,2388.366243602549,211.27772031827993,0.050033188841185426,0.4317126495660047
confirmation,0.65,-1,0.5,state_rotated,20,20,1940.0,0,0.9428515624999999,0.9991113281249999,47373.5,47373.5,0,7526.8196079432,1646.7781825538138,0.15890823745721566,1.5072280225932624
confirmation,0.65,-1,1.0,aligned,20,20,660.0,0,0.9861105957031249,0.99912109375,45550.15,45550.15,0,3694.22792756364,567.5548918331168,0.0811059434265233,0.8752780518102182
confirmation,0.65,-1,1.0,state_rotated,20,20,1520.0,0,0.9576420898437499,0.998916015625,47932.7,47932.7,0,20549.464814014427,480899.1869666218,0.42924857801837657,1664.4783986733034
confirmation,0.65,1024,0.25,aligned,20,0,20000.0,0,0.6863483886718751,0.717802734375,96647.15,1024.0,20,29.311250071673726,0.9000605090677853,0.028624267648118873,0.0828550075533214
confirmation,0.65,1024,0.25,state_rotated,20,0,20000.0,0,0.733896728515625,0.818671875,84457.35,1024.0,20,47.18410232676382,2.914276696519152,0.046078224928480294,0.1521386367671425
confirmation,0.65,1024,0.5,aligned,20,0,20000.0,0,0.736006591796875,0.778359375,98370.8,1024.0,20,53.24823269501968,3.1305174814425207,0.05200022724123016,0.1640824686306359
confirmation,0.65,1024,0.5,state_rotated,20,17,8410.0,0,0.897156982421875,0.966796875,65995.1,1024.0,20,90.6045392258992,11.215438299186529,0.08848099533779219,0.3437705966181303
confirmation,0.65,1024,1.0,aligned,20,5,17720.0,0,0.869728271484375,0.9038867187499999,102110.05,1024.0,20,90.79855916340084,10.21263790723666,0.08867046793300863,0.3262202127166562
confirmation,0.65,1024,1.0,state_rotated,20,20,1550.0,0,0.956077880859375,0.996923828125,50658.6,1024.0,20,163.25812363610194,40.43442722526116,0.1594317613633808,0.676499162056061
development,0.5,-1,0.0,none,2,0,20000.0,2,0.01294677734375,0.0,941.5,0.0,0,0.0,0.0,,0.0
development,0.5,-1,0.25,aligned,2,2,2400.0,0,0.927275390625,0.99970703125,44633.0,44633.0,0,1697.5288664383586,94.81142894110111,0.0380325725164765,0.1878770129184458
development,0.5,-1,0.25,state_rotated,2,2,3800.0,0,0.86962890625,0.99892578125,41429.5,41429.5,0,3874.25357688173,428.28082223444153,0.09351443043357785,0.2932578513454314
development,0.5,-1,0.5,aligned,2,2,1400.0,0,0.958056640625,0.99912109375,43546.0,43546.0,0,2507.7223031599087,235.06737723795794,0.0575880998482127,0.3797650326862865
development,0.5,-1,0.5,state_rotated,2,2,2600.0,0,0.9153076171875,0.9986328125,42867.5,42867.5,0,8332.660315506115,2001.516932939342,0.19438331570646694,0.980892432437456
development,0.5,-1,1.0,aligned,2,2,1000.0,0,0.97508544921875,0.99873046875,42975.5,42975.5,0,3950.1226593704105,633.9882146659847,0.0919172615015725,0.7792120614272207
development,0.5,-1,1.0,state_rotated,2,2,2500.0,0,0.91794921875,0.9984375000000001,43575.0,43575.0,0,20618.10061119453,16420.894691142283,0.4731737646075814,17.639453202965317
development,0.5,1024,0.25,aligned,2,0,20000.0,0,0.8383154296875,0.94677734375,57875.0,1024.0,2,59.91758307669183,4.587111637006499,0.05851326472333186,0.1557177092162234
development,0.5,1024,0.25,state_rotated,2,2,4100.0,0,0.8568603515625,0.9916015625,47579.5,1024.0,2,82.31569612471213,8.037922599333301,0.08038642199678919,0.1672360132805489
development,0.5,1024,0.5,aligned,2,2,1900.0,0,0.94206787109375,0.99248046875,53462.0,1024.0,2,97.83410660344484,12.903360766586886,0.0955411197299266,0.2827799515095307
development,0.5,1024,0.5,state_rotated,2,2,2700.0,0,0.9140478515625,0.99853515625,46463.5,1024.0,2,154.96015085878034,28.6630553706048,0.15132827232302767,0.3446103483759844
development,0.5,1024,1.0,aligned,2,2,1000.0,0,0.97305419921875,0.9978515625,45039.5,1024.0,2,151.45459814769941,33.13276216075124,0.1479048810036127,0.5193858345579628
development,0.5,1024,1.0,state_rotated,2,2,2500.0,0,0.920654296875,0.9982421875,43199.5,1024.0,2,323.31326599038323,130.383341359003,0.3157356113187336,0.909796411215291
development,0.65,-1,0.0,none,2,0,20000.0,2,0.01544189453125,0.0,1727.0,0.0,0,0.0,0.0,,0.0
development,0.65,-1,0.25,aligned,2,2,2000.0,0,0.9710693359375,0.9994140625,51645.5,51645.5,0,1686.0500618830379,87.76133953734089,0.032647105417008285,0.2379999467853812
development,0.65,-1,0.25,state_rotated,2,2,2500.0,0,0.92205322265625,0.998828125,49065.0,49065.0,0,3719.0193343719566,374.4675693176452,0.07582098354003808,0.3025391367968236
development,0.65,-1,0.5,aligned,2,2,1200.0,0,0.97994140625,0.99931640625,48079.0,48079.0,0,2416.988511203587,214.11114650239773,0.050270586062754544,0.4381449795730833
development,0.65,-1,0.5,state_rotated,2,2,2000.0,0,0.94400634765625,0.998828125,47633.0,47633.0,0,7556.682527514508,1650.8068035920019,0.15863578499935352,0.8650600120553377
development,0.65,-1,1.0,aligned,2,2,700.0,0,0.9861108398437499,0.99921875,45536.5,45536.5,0,3703.034397103786,572.6892594018493,0.08132008913601532,0.891178217292075
development,0.65,-1,1.0,state_rotated,2,2,1600.0,0,0.9558740234375,0.99873046875,47722.5,47722.5,0,18374.72801456828,13541.433672289015,0.38591955091531693,13.878747002056212
development,0.65,1024,0.25,aligned,2,0,20000.0,0,0.69468505859375,0.7528320312500001,96722.0,1024.0,2,29.534261586427107,0.9088642484020057,0.02884205233049522,0.0741737026062987
development,0.65,1024,0.25,state_rotated,2,0,20000.0,0,0.731904296875,0.81259765625,86975.0,1024.0,2,46.15498536372334,2.7359208012968037,0.045073227894261075,0.1390433180625732
development,0.65,1024,0.5,aligned,2,0,20000.0,0,0.7523583984375,0.79267578125,99528.5,1024.0,2,53.03730226257611,3.103343091353749,0.051794240490796985,0.1527954285051831
development,0.65,1024,0.5,state_rotated,2,2,7300.0,0,0.9003979492187499,0.9639648437499999,71221.5,1024.0,2,88.93206590452073,10.984138715889266,0.08684772060988352,0.2769911960764043
development,0.65,1024,1.0,aligned,2,0,20000.0,0,0.8441088867187501,0.892578125,107191.5,1024.0,2,90.33313434104483,10.035635533045333,0.08821595150492659,0.2935568267529175
development,0.65,1024,1.0,state_rotated,2,2,1700.0,0,0.95239013671875,0.9979492187500001,49579.0,1024.0,2,154.48380788825406,37.36537876895052,0.1508630936408731,0.6275092193911922
