stage,budget,metric,comparison,n,advantage,low,high,positive,negative
budgets,128,capped0.95,aligned_q vs state_rotated_q,20,0.0,0.0,0.0,0,0
budgets,128,capped0.95,aligned_q vs global_scrambled_q,20,0.0,0.0,0.0,0,0
budgets,128,capped0.95,aligned_q vs isotropic_q,20,0.0,0.0,0.0,0,0
budgets,128,auc,aligned_q vs state_rotated_q,20,0.0016069335937499997,0.0003291015625000001,0.0029048461914062437,13,7
budgets,128,auc,aligned_q vs global_scrambled_q,20,-0.03631982421875,-0.09198706054687499,0.0013330078124999998,12,8
budgets,128,auc,aligned_q vs isotropic_q,20,-0.0030366210937499997,-0.011515637207031252,0.001990747070312498,11,9
budgets,128,final_occupancy,aligned_q vs state_rotated_q,20,0.0,0.0,0.0,0,0
budgets,128,final_occupancy,aligned_q vs global_scrambled_q,20,-0.0862109375,-0.218310546875,0.0,0,2
budgets,128,final_occupancy,aligned_q vs isotropic_q,20,-0.0073828125,-0.0221484375,0.0,0,1
budgets,128,reached0.95,aligned_q vs state_rotated_q,20,0.0,0.0,0.0,0,0
budgets,128,reached0.95,aligned_q vs global_scrambled_q,20,0.0,0.0,0.0,0,0
budgets,128,reached0.95,aligned_q vs isotropic_q,20,0.0,0.0,0.0,0,0
budgets,256,capped0.95,aligned_q vs state_rotated_q,20,0.0,0.0,0.0,0,0
budgets,256,capped0.95,aligned_q vs global_scrambled_q,20,-330.0,-990.0,0.0,0,1
budgets,256,capped0.95,aligned_q vs isotropic_q,20,-580.0,-1740.0,0.0,0,1
budgets,256,auc,aligned_q vs state_rotated_q,20,0.326716064453125,0.21449212036132814,0.43633911132812486,18,2
budgets,256,auc,aligned_q vs global_scrambled_q,20,0.37835375976562496,0.25182734375,0.4986155090332031,17,3
budgets,256,auc,aligned_q vs isotropic_q,20,0.40794091796875004,0.27528554687500006,0.5288977600097655,17,3
budgets,256,final_occupancy,aligned_q vs state_rotated_q,20,0.366552734375,0.20325878906250003,0.535000732421875,15,2
budgets,256,final_occupancy,aligned_q vs global_scrambled_q,20,0.420048828125,0.20836767578124998,0.6206643066406249,13,4
budgets,256,final_occupancy,aligned_q vs isotropic_q,20,0.52302734375,0.334021484375,0.7011818847656248,14,4
budgets,256,reached0.95,aligned_q vs state_rotated_q,20,0.0,0.0,0.0,0,0
budgets,256,reached0.95,aligned_q vs global_scrambled_q,20,-0.05,-0.15,0.0,0,1
budgets,256,reached0.95,aligned_q vs isotropic_q,20,-0.05,-0.15,0.0,0,1
budgets,512,capped0.95,aligned_q vs state_rotated_q,20,4870.0,3040.0,7120.0,20,0
budgets,512,capped0.95,aligned_q vs global_scrambled_q,20,16620.0,15010.0,17760.0,20,0
budgets,512,capped0.95,aligned_q vs isotropic_q,20,17710.0,17570.0,17830.0,20,0
budgets,512,auc,aligned_q vs state_rotated_q,20,0.11436816406250001,0.08911839599609375,0.14259400024414065,20,0
budgets,512,auc,aligned_q vs global_scrambled_q,20,0.6396162109375,0.5273710388183594,0.7485335144042967,20,0
budgets,512,auc,aligned_q vs isotropic_q,20,0.7655751953125001,0.6671013366699219,0.8532782043457031,20,0
budgets,512,final_occupancy,aligned_q vs state_rotated_q,20,0.018701171874999995,0.009130859375,0.030546874999999973,17,3
budgets,512,final_occupancy,aligned_q vs global_scrambled_q,20,0.43684570312500004,0.2536115722656249,0.6245996093749999,20,0
budgets,512,final_occupancy,aligned_q vs isotropic_q,20,0.68798828125,0.5066669921875,0.8577541503906249,20,0
budgets,512,reached0.95,aligned_q vs state_rotated_q,20,0.1,0.0,0.25,2,0
budgets,512,reached0.95,aligned_q vs global_scrambled_q,20,0.9,0.75,1.0,18,0
budgets,512,reached0.95,aligned_q vs isotropic_q,20,1.0,1.0,1.0,20,0
budgets,1024,capped0.95,aligned_q vs state_rotated_q,20,1640.0,1490.0,1790.2499999999782,20,0
budgets,1024,capped0.95,aligned_q vs global_scrambled_q,20,10390.0,7920.0,12970.0,20,0
budgets,1024,capped0.95,aligned_q vs isotropic_q,20,9420.0,7130.0,11930.249999999978,20,0
budgets,1024,auc,aligned_q vs state_rotated_q,20,0.062983154296875,0.05777219848632811,0.06826587524414061,20,0
budgets,1024,auc,aligned_q vs global_scrambled_q,20,0.390899169921875,0.29300379638671875,0.5062418090820312,20,0
budgets,1024,auc,aligned_q vs isotropic_q,20,0.34659008789062495,0.2713901977539063,0.43987795410156244,20,0
budgets,1024,final_occupancy,aligned_q vs state_rotated_q,20,0.001025390624999989,0.00026367187499998224,0.0017871093750000066,12,6
budgets,1024,final_occupancy,aligned_q vs global_scrambled_q,20,0.158388671875,0.030115966796874998,0.3106840820312499,20,0
budgets,1024,final_occupancy,aligned_q vs isotropic_q,20,0.07658203125,0.017948974609375,0.18054736328124993,20,0
budgets,1024,reached0.95,aligned_q vs state_rotated_q,20,0.0,0.0,0.0,0,0
budgets,1024,reached0.95,aligned_q vs global_scrambled_q,20,0.3,0.1,0.5,6,0
budgets,1024,reached0.95,aligned_q vs isotropic_q,20,0.25,0.1,0.45,5,0
budgets,2048,capped0.95,aligned_q vs state_rotated_q,20,1710.0,1570.0,1850.0,20,0
budgets,2048,capped0.95,aligned_q vs global_scrambled_q,20,7840.0,6520.0,9440.0,20,0
budgets,2048,capped0.95,aligned_q vs isotropic_q,20,7330.0,6310.0,8750.0,20,0
budgets,2048,auc,aligned_q vs state_rotated_q,20,0.06357397460937497,0.058758300781249995,0.06829892578124995,20,0
budgets,2048,auc,aligned_q vs global_scrambled_q,20,0.33150146484375,0.26611398315429685,0.41539286499023415,20,0
budgets,2048,auc,aligned_q vs isotropic_q,20,0.3137099609375,0.26156146240234374,0.3926963989257812,20,0
budgets,2048,final_occupancy,aligned_q vs state_rotated_q,20,-0.00020507812500001333,-0.0005957031250000023,0.00017578124999999002,4,13
budgets,2048,final_occupancy,aligned_q vs global_scrambled_q,20,0.056279296874999996,0.005117187499999998,0.15644555664062498,20,0
budgets,2048,final_occupancy,aligned_q vs isotropic_q,20,0.054902343749999985,0.004179687499999985,0.15508837890624996,19,1
budgets,2048,reached0.95,aligned_q vs state_rotated_q,20,0.0,0.0,0.0,0,0
budgets,2048,reached0.95,aligned_q vs global_scrambled_q,20,0.05,0.0,0.15,1,0
budgets,2048,reached0.95,aligned_q vs isotropic_q,20,0.05,0.0,0.15,1,0
confirmation,-1,capped0.95,aligned_q vs state_rotated_q,20,1750.0,1650.0,1850.0,20,0
confirmation,-1,capped0.95,aligned_q vs global_scrambled_q,20,8440.0,6870.0,10320.0,20,0
confirmation,-1,capped0.95,aligned_q vs isotropic_q,20,7940.0,6570.0,9630.0,20,0
confirmation,-1,auc,aligned_q vs state_rotated_q,20,0.06351367187500001,0.05953955078125002,0.06752442016601565,20,0
confirmation,-1,auc,aligned_q vs global_scrambled_q,20,0.360454833984375,0.2756284912109376,0.46591631469726563,20,0
confirmation,-1,auc,aligned_q vs isotropic_q,20,0.33784521484374996,0.27029775390625,0.4230897705078125,20,0
confirmation,-1,final_occupancy,aligned_q vs state_rotated_q,20,-0.0001562500000000133,-0.0003613281250000322,5.859374999999112e-05,7,12
confirmation,-1,final_occupancy,aligned_q vs global_scrambled_q,20,0.103564453125,0.003710937499999989,0.252880859375,20,0
confirmation,-1,final_occupancy,aligned_q vs isotropic_q,20,0.053251953125000015,0.0027929687500000133,0.15322265625,20,0
confirmation,-1,reached0.95,aligned_q vs state_rotated_q,20,0.0,0.0,0.0,0,0
confirmation,-1,reached0.95,aligned_q vs global_scrambled_q,20,0.1,0.0,0.25,2,0
confirmation,-1,reached0.95,aligned_q vs isotropic_q,20,0.05,0.0,0.15,1,0
