stage,budget,condition,n,reached,capped_time,extinctions,final_occupancy,auc,budget_exhausted,used,births,sum_norm,sum_sq,contrast_sq,unreachable_sq,skips
budgets,0,none,20,0,20000.0,20,0.0,0.012835693359375,0,0.0,939.05,0.0,0.0,0.0,0.0,0
budgets,128,aligned_q,20,0,20000.0,20,0.0,0.014116455078125001,20,128.0,1055.95,23.568140885690394,4.339509881310576,3.091066308970837,0.0,0
budgets,128,global_scrambled_q,20,0,20000.0,18,0.0862109375,0.050436279296875,20,128.0,3199.45,23.568140885690394,4.339509881310577,2.8907429379640277,1.0851565655988478,0
budgets,128,isotropic_q,20,0,20000.0,19,0.0073828125,0.017153076171875,20,128.0,1267.25,23.5681408856904,4.339509881310576,2.8972596216354325,1.08880574095042,0
budgets,128,state_rotated_q,20,0,20000.0,20,0.0,0.012509521484375,20,128.0,907.35,23.568140885690394,4.339509881310576,3.0912652928878037,0.0,0
budgets,256,aligned_q,20,0,20000.0,3,0.641103515625,0.48396704101562504,20,256.0,45616.3,47.13628177138104,8.679019762621177,6.175008332823792,0.0,0
budgets,256,global_scrambled_q,20,1,19670.0,15,0.22105468749999999,0.10561328125,20,256.0,6209.3,47.13628177138104,8.679019762621177,5.785969534995158,2.159856578928123,0
budgets,256,isotropic_q,20,1,19420.0,15,0.118076171875,0.076026123046875,20,256.0,4532.55,47.13628177138104,8.679019762621177,5.789029427316987,2.174315926705864,0
budgets,256,state_rotated_q,20,0,20000.0,13,0.27455078125,0.1572509765625,20,256.0,13210.85,47.13628177138104,8.679019762621177,6.192029458699805,0.0,0
budgets,512,aligned_q,20,20,2290.0,0,0.9927929687500001,0.9372653808593749,20,512.0,56126.9,94.27256354276265,17.35803952524226,11.925795387293096,0.0,0
budgets,512,global_scrambled_q,20,2,18910.0,6,0.555947265625,0.297649169921875,20,512.0,17588.0,94.27256354276265,17.35803952524226,11.563163790285241,4.34417700197036,0
budgets,512,isotropic_q,20,0,20000.0,10,0.3048046875,0.171690185546875,20,512.0,11219.3,94.27256354276265,17.35803952524226,11.5795354419756,4.34591574471663,0
budgets,512,state_rotated_q,20,18,7160.0,0,0.974091796875,0.8228972167968751,20,512.0,53119.9,94.27256354276265,17.35803952524226,12.285905937862914,0.0,0
budgets,1024,aligned_q,20,20,1440.0,0,0.997998046875,0.9599453125,20,1024.0,47995.1,188.54512708552588,34.716079050485185,23.47157035831835,0.0,0
budgets,1024,global_scrambled_q,20,14,11830.0,2,0.839609375,0.569046142578125,19,1016.45,31817.7,187.15497502547146,34.46011577232975,22.96351797298444,8.658400085426438,0
budgets,1024,isotropic_q,20,15,10860.0,1,0.921416015625,0.613355224609375,19,1009.35,33402.1,185.8476797107183,34.21940858360079,22.81890816912162,8.565416505934934,0
budgets,1024,state_rotated_q,20,20,3080.0,0,0.99697265625,0.896962158203125,20,1024.0,45921.85,188.54512708552588,34.716079050485185,25.250656734914024,0.0,0
budgets,2048,aligned_q,20,20,1300.0,0,0.9984082031250001,0.9625439453125001,20,2048.0,45159.4,377.0902541710523,69.43215810097104,46.64514542778429,0.0,0
budgets,2048,global_scrambled_q,20,19,9140.0,1,0.94212890625,0.63104248046875,19,1989.25,32713.15,366.27284575672155,67.44039087029131,44.9514677668564,16.93864294421104,0
budgets,2048,isotropic_q,20,19,8630.0,1,0.943505859375,0.648833984375,19,1982.15,32434.85,364.96555044196845,67.19968368156235,44.81913567372194,16.81013894779849,0
budgets,2048,state_rotated_q,20,20,3010.0,0,0.9986132812499999,0.8989699707031249,20,2048.0,42578.0,377.0902541710523,69.43215810097104,51.521080106531784,0.0,0
confirmation,-1,aligned_q,20,20,1290.0,0,0.999033203125,0.9637846679687501,0,43123.75,43123.75,7940.207933740331,1461.9995253439654,979.2258493766951,0.0,0
confirmation,-1,global_scrambled_q,20,18,9730.0,2,0.89546875,0.603329833984375,0,29846.2,29846.2,5495.464425798005,1011.8584360897987,674.589679518656,253.10622399453624,0
confirmation,-1,isotropic_q,20,19,9230.0,1,0.9457812499999999,0.625939453125,0,31093.35,31093.35,5725.097292247809,1054.1398403747532,702.8081191877429,263.53645619927136,0
confirmation,-1,state_rotated_q,20,20,3040.0,0,0.9991894531250001,0.9002709960937499,0,41784.25,41784.25,7693.571021893743,1416.5872324845245,1100.978242910001,0.0,0
confirmation,0,none,20,0,20000.0,20,0.0,0.013657958984375,0,0.0,991.65,0.0,0.0,0.0,0.0,0
development,-1,aligned_q,5,5,1280.0,0,0.9991796875000001,0.9638242187499999,0,43262.6,43262.6,7965.773842818269,1466.7068764925532,982.4352453998108,0.0,0
development,-1,global_scrambled_q,5,5,9120.0,0,0.9942187499999999,0.662748046875,0,33103.4,33103.4,6095.199960898253,1122.2854016007052,748.2540984721247,280.2343243238802,0
development,-1,isotropic_q,5,5,9400.0,0,0.9960156250000001,0.618498046875,0,30995.4,30995.4,5707.0621406872715,1050.819098242959,700.406529864975,262.56556512540584,0
development,-1,state_rotated_q,5,5,3080.0,0,0.9991406250000001,0.8984775390624999,0,41712.4,41712.4,7680.34156156065,1414.1513435394327,1096.5589275793213,0.0,0
development,0,none,5,0,20000.0,5,0.0,0.0123095703125,0,0.0,905.0,0.0,0.0,0.0,0.0,0
development,512,aligned_q,5,5,2800.0,0,0.9916406249999999,0.9312724609374999,5,512.0,57636.2,94.27256354276265,17.35803952524226,11.913967460174096,0.0,0
development,512,global_scrambled_q,5,2,15480.0,0,0.9146093750000001,0.47974999999999995,5,512.0,26619.0,94.27256354276265,17.35803952524226,11.58297309496556,4.272281813360342,0
development,512,isotropic_q,5,0,20000.0,4,0.08757812499999999,0.0448115234375,5,512.0,2838.2,94.27256354276265,17.35803952524226,11.586841056719726,4.311248567528183,0
development,512,state_rotated_q,5,4,8920.0,0,0.9650390625,0.7981269531249999,5,512.0,52487.2,94.27256354276265,17.35803952524226,12.302563980663269,0.0,0
replay,512,aligned_q,1,1,2200.0,0,0.9974609375,0.9431640625,1,512.0,56466.0,94.27256354276265,17.35803952524226,12.01094721089001,0.0,0
replay,512,state_rotated_q,1,1,6000.0,0,0.9501953125,0.84404296875,1,512.0,72766.0,94.27256354276265,17.35803952524226,12.264446860004186,0.0,0
